-- phpMyAdmin SQL Dump
-- version 5.2.3
-- https://www.phpmyadmin.net/
--
-- Host: 127.0.0.1:3306
-- Generation Time: Jan 30, 2026 at 12:25 PM
-- Server version: 8.4.7
-- PHP Version: 8.3.28

SET SQL_MODE = "NO_AUTO_VALUE_ON_ZERO";
START TRANSACTION;
SET time_zone = "+00:00";


/*!40101 SET @OLD_CHARACTER_SET_CLIENT=@@CHARACTER_SET_CLIENT */;
/*!40101 SET @OLD_CHARACTER_SET_RESULTS=@@CHARACTER_SET_RESULTS */;
/*!40101 SET @OLD_COLLATION_CONNECTION=@@COLLATION_CONNECTION */;
/*!40101 SET NAMES utf8mb4 */;

--
-- Database: `pos_res`
--

-- --------------------------------------------------------

--
-- Table structure for table `addresses`
--

DROP TABLE IF EXISTS `addresses`;
CREATE TABLE IF NOT EXISTS `addresses` (
  `id` int NOT NULL AUTO_INCREMENT,
  `user_id` int NOT NULL,
  `label` varchar(191) COLLATE utf8mb4_unicode_ci NOT NULL,
  `recipient_name` varchar(191) COLLATE utf8mb4_unicode_ci NOT NULL,
  `phone` varchar(191) COLLATE utf8mb4_unicode_ci DEFAULT NULL,
  `line1` varchar(191) COLLATE utf8mb4_unicode_ci NOT NULL,
  `note` varchar(191) COLLATE utf8mb4_unicode_ci DEFAULT NULL,
  `is_default` tinyint(1) NOT NULL DEFAULT '0',
  `created_at` datetime(3) NOT NULL DEFAULT CURRENT_TIMESTAMP(3),
  `updated_at` datetime(3) NOT NULL ON UPDATE CURRENT_TIMESTAMP(3),
  PRIMARY KEY (`id`),
  KEY `addresses_user_id_fkey` (`user_id`)
) ENGINE=MyISAM AUTO_INCREMENT=5 DEFAULT CHARSET=utf8mb4 COLLATE=utf8mb4_unicode_ci;

--
-- Dumping data for table `addresses`
--

INSERT INTO `addresses` (`id`, `user_id`, `label`, `recipient_name`, `phone`, `line1`, `note`, `is_default`, `created_at`, `updated_at`) VALUES
(1, 1, 'Home', 'Customer One', '0812345678', '99 Sample Road, Bangkok', 'Leave at lobby', 1, '2026-01-30 03:13:33.523', '2026-01-30 03:13:33.523'),
(2, 1, 'Office', 'Customer One', '0812345678', '88 Business Park, Bangkok', 'Call when arrive', 0, '2026-01-30 03:13:33.523', '2026-01-30 03:13:33.523'),
(3, 3, 'test', 'beer', '096-067-6129', 'test', NULL, 0, '2026-01-30 04:07:48.920', '2026-01-30 04:18:56.770'),
(4, 3, 'test', 'beer', '096-067-6129', 'test', NULL, 1, '2026-01-30 04:18:56.771', '2026-01-30 04:18:56.771');

-- --------------------------------------------------------

--
-- Table structure for table `menu_categories`
--

DROP TABLE IF EXISTS `menu_categories`;
CREATE TABLE IF NOT EXISTS `menu_categories` (
  `id` int NOT NULL AUTO_INCREMENT,
  `name` varchar(191) COLLATE utf8mb4_unicode_ci NOT NULL,
  `created_at` datetime(3) NOT NULL DEFAULT CURRENT_TIMESTAMP(3),
  PRIMARY KEY (`id`)
) ENGINE=MyISAM AUTO_INCREMENT=7 DEFAULT CHARSET=utf8mb4 COLLATE=utf8mb4_unicode_ci;

--
-- Dumping data for table `menu_categories`
--

INSERT INTO `menu_categories` (`id`, `name`, `created_at`) VALUES
(4, 'ข้าว', '2026-01-30 03:13:45.116'),
(5, 'ก๋วยเตี๋ยว', '2026-01-30 03:13:45.116'),
(6, 'เครื่องดื่ม', '2026-01-30 03:13:45.116');

-- --------------------------------------------------------

--
-- Table structure for table `menu_items`
--

DROP TABLE IF EXISTS `menu_items`;
CREATE TABLE IF NOT EXISTS `menu_items` (
  `id` int NOT NULL AUTO_INCREMENT,
  `category_id` int NOT NULL,
  `name` varchar(191) COLLATE utf8mb4_unicode_ci NOT NULL,
  `description` varchar(191) COLLATE utf8mb4_unicode_ci DEFAULT NULL,
  `price` decimal(10,2) NOT NULL,
  `image_url` text COLLATE utf8mb4_unicode_ci,
  `is_available` tinyint(1) NOT NULL DEFAULT '1',
  `is_recommended` tinyint(1) NOT NULL DEFAULT '0',
  `created_at` datetime(3) NOT NULL DEFAULT CURRENT_TIMESTAMP(3),
  PRIMARY KEY (`id`),
  KEY `menu_items_category_id_fkey` (`category_id`)
) ENGINE=MyISAM AUTO_INCREMENT=9 DEFAULT CHARSET=utf8mb4 COLLATE=utf8mb4_unicode_ci;

--
-- Dumping data for table `menu_items`
--

INSERT INTO `menu_items` (`id`, `category_id`, `name`, `description`, `price`, `image_url`, `is_available`, `is_recommended`, `created_at`) VALUES
(1, 4, 'ข้าวผัดกุ้ง', '', 60.00, 'https://img-global.cpcdn.com/recipes/725b05b137e5b4c3/1200x630cq80/photo.jpg', 1, 1, '2026-01-30 03:13:33.526'),
(2, 4, 'ข้าวขาหมู', '', 55.00, 'https://www.maggi.co.th/sites/default/files/srh_recipes/02f2ca56ad58d6a8dd592e6329a5ebda.jpg', 1, 0, '2026-01-30 03:13:33.526'),
(3, 5, 'ก๊วยเตี๋ยวเรือ', '', 70.00, 'https://cheewajit.com/app/uploads/2021/04/image-130-edited.png', 1, 1, '2026-01-30 03:13:33.526'),
(4, 6, 'ชาเขียว', '', 35.00, 'https://image.makewebeasy.net/makeweb/m_1920x0/W7OuxZEpB/DefaultData/%E0%B8%8A%E0%B8%B2%E0%B9%81%E0%B8%A5%E0%B8%B0%E0%B8%A7%E0%B8%B1%E0%B8%95%E0%B8%96%E0%B8%B8%E0%B8%94%E0%B8%B4%E0%B8%9A_06.jpg?v=202405291424', 1, 1, '2026-01-30 03:13:33.526'),
(5, 4, 'ข้าวมันไก่', '', 60.00, 'https://img.wongnai.com/p/l/2017/10/01/ced420b47a6b426d866896d40080b1ca.jpg', 1, 1, '2026-01-30 03:13:45.118'),
(6, 4, 'ผัดกระเพรา', '', 55.00, 'https://pork.com.au/wp-content/uploads/sites/2/2025/01/Thai-Basil-Pork-Stir-fry-2400x1800-1.png', 1, 0, '2026-01-30 03:13:45.118'),
(7, 5, 'ก๋วยเตี๋ยวต้มยำ', '', 70.00, 'https://static.amarintv.com/media/PJVlR0ljpN9mLUs7IVINsVHIn1m1uZTzhtPAa7xCCdybFhIwUqZ9EjsRPvSexSY31L.jpg', 1, 1, '2026-01-30 03:13:45.118'),
(8, 6, 'ชาไทย', '', 35.00, 'https://aromathailand.com/wp-content/uploads/2024/02/a.jpg', 1, 1, '2026-01-30 03:13:45.118');

-- --------------------------------------------------------

--
-- Table structure for table `orders`
--

DROP TABLE IF EXISTS `orders`;
CREATE TABLE IF NOT EXISTS `orders` (
  `id` int NOT NULL AUTO_INCREMENT,
  `order_no` varchar(191) COLLATE utf8mb4_unicode_ci NOT NULL,
  `customer_user_id` int NOT NULL,
  `status` enum('PENDING_PAYMENT','PAID','CONFIRMED','COOKING','READY','COMPLETED','REJECTED','CANCELLED') COLLATE utf8mb4_unicode_ci NOT NULL DEFAULT 'PENDING_PAYMENT',
  `subtotal` decimal(10,2) NOT NULL,
  `delivery_fee` decimal(10,2) NOT NULL,
  `total` decimal(10,2) NOT NULL,
  `customer_name_snapshot` varchar(191) COLLATE utf8mb4_unicode_ci NOT NULL,
  `customer_phone_snapshot` varchar(191) COLLATE utf8mb4_unicode_ci DEFAULT NULL,
  `address_snapshot` json DEFAULT NULL,
  `created_at` datetime(3) NOT NULL DEFAULT CURRENT_TIMESTAMP(3),
  `address_id` int DEFAULT NULL,
  PRIMARY KEY (`id`),
  UNIQUE KEY `orders_order_no_key` (`order_no`),
  KEY `orders_customer_user_id_fkey` (`customer_user_id`),
  KEY `orders_address_id_fkey` (`address_id`)
) ENGINE=MyISAM AUTO_INCREMENT=3 DEFAULT CHARSET=utf8mb4 COLLATE=utf8mb4_unicode_ci;

--
-- Dumping data for table `orders`
--

INSERT INTO `orders` (`id`, `order_no`, `customer_user_id`, `status`, `subtotal`, `delivery_fee`, `total`, `customer_name_snapshot`, `customer_phone_snapshot`, `address_snapshot`, `created_at`, `address_id`) VALUES
(1, 'ORD-20260130-9O6950', 3, 'COMPLETED', 130.00, 0.00, 130.00, 'Warawut Thasungnoen', '096-067-6129', '{\"note\": null, \"label\": \"test\", \"line1\": \"test\", \"phone\": \"096-067-6129\", \"recipientName\": \"beer\"}', '2026-01-30 04:19:05.822', 4),
(2, 'ORD-20260130-JMMEGO', 3, 'PAID', 95.00, 20.00, 115.00, 'Warawut Thasungnoen', '096-067-6129', '{\"note\": null, \"label\": \"test\", \"line1\": \"test\", \"phone\": \"096-067-6129\", \"recipientName\": \"beer\"}', '2026-01-30 07:54:11.518', 4);

-- --------------------------------------------------------

--
-- Table structure for table `order_items`
--

DROP TABLE IF EXISTS `order_items`;
CREATE TABLE IF NOT EXISTS `order_items` (
  `id` int NOT NULL AUTO_INCREMENT,
  `order_id` int NOT NULL,
  `menu_item_id` int NOT NULL,
  `name_snapshot` varchar(191) COLLATE utf8mb4_unicode_ci NOT NULL,
  `price_snapshot` decimal(10,2) NOT NULL,
  `qty` int NOT NULL,
  `total` decimal(10,2) NOT NULL,
  PRIMARY KEY (`id`),
  KEY `order_items_order_id_fkey` (`order_id`),
  KEY `order_items_menu_item_id_fkey` (`menu_item_id`)
) ENGINE=MyISAM AUTO_INCREMENT=5 DEFAULT CHARSET=utf8mb4 COLLATE=utf8mb4_unicode_ci;

--
-- Dumping data for table `order_items`
--

INSERT INTO `order_items` (`id`, `order_id`, `menu_item_id`, `name_snapshot`, `price_snapshot`, `qty`, `total`) VALUES
(1, 1, 5, 'Chicken Rice', 60.00, 1, 60.00),
(2, 1, 7, 'Tom Yum Noodles', 70.00, 1, 70.00),
(3, 2, 5, 'ข้าวมันไก่', 60.00, 1, 60.00),
(4, 2, 8, 'ชาไทย', 35.00, 1, 35.00);

-- --------------------------------------------------------

--
-- Table structure for table `order_status_logs`
--

DROP TABLE IF EXISTS `order_status_logs`;
CREATE TABLE IF NOT EXISTS `order_status_logs` (
  `id` int NOT NULL AUTO_INCREMENT,
  `order_id` int NOT NULL,
  `status` enum('PENDING_PAYMENT','PAID','CONFIRMED','COOKING','READY','COMPLETED','REJECTED','CANCELLED') COLLATE utf8mb4_unicode_ci NOT NULL,
  `by_role` enum('CUSTOMER','MERCHANT_ADMIN') COLLATE utf8mb4_unicode_ci NOT NULL,
  `by_user_id` int DEFAULT NULL,
  `note` varchar(191) COLLATE utf8mb4_unicode_ci DEFAULT NULL,
  `created_at` datetime(3) NOT NULL DEFAULT CURRENT_TIMESTAMP(3),
  PRIMARY KEY (`id`),
  KEY `order_status_logs_order_id_fkey` (`order_id`),
  KEY `order_status_logs_by_user_id_fkey` (`by_user_id`)
) ENGINE=MyISAM AUTO_INCREMENT=9 DEFAULT CHARSET=utf8mb4 COLLATE=utf8mb4_unicode_ci;

--
-- Dumping data for table `order_status_logs`
--

INSERT INTO `order_status_logs` (`id`, `order_id`, `status`, `by_role`, `by_user_id`, `note`, `created_at`) VALUES
(1, 1, 'PENDING_PAYMENT', 'CUSTOMER', 3, NULL, '2026-01-30 04:19:05.822'),
(2, 1, 'PAID', 'CUSTOMER', 3, NULL, '2026-01-30 04:19:05.870'),
(3, 1, 'CONFIRMED', 'MERCHANT_ADMIN', 2, NULL, '2026-01-30 05:30:59.667'),
(4, 1, 'COOKING', 'MERCHANT_ADMIN', 2, NULL, '2026-01-30 05:31:00.835'),
(5, 1, 'READY', 'MERCHANT_ADMIN', 2, NULL, '2026-01-30 05:31:03.336'),
(6, 1, 'COMPLETED', 'MERCHANT_ADMIN', 2, NULL, '2026-01-30 05:31:04.904'),
(7, 2, 'PENDING_PAYMENT', 'CUSTOMER', 3, NULL, '2026-01-30 07:54:11.518'),
(8, 2, 'PAID', 'CUSTOMER', 3, NULL, '2026-01-30 07:54:11.668');

-- --------------------------------------------------------

--
-- Table structure for table `payments`
--

DROP TABLE IF EXISTS `payments`;
CREATE TABLE IF NOT EXISTS `payments` (
  `id` int NOT NULL AUTO_INCREMENT,
  `order_id` int NOT NULL,
  `method` enum('MOCK','QR_CODE','CASH') COLLATE utf8mb4_unicode_ci NOT NULL DEFAULT 'MOCK',
  `amount` decimal(10,2) NOT NULL,
  `status` enum('PENDING','SUCCESS','FAILED') COLLATE utf8mb4_unicode_ci NOT NULL DEFAULT 'PENDING',
  `paid_at` datetime(3) DEFAULT NULL,
  `ref_code` varchar(191) COLLATE utf8mb4_unicode_ci DEFAULT NULL,
  `slip_image_url` text COLLATE utf8mb4_unicode_ci,
  PRIMARY KEY (`id`),
  KEY `payments_order_id_fkey` (`order_id`)
) ENGINE=MyISAM AUTO_INCREMENT=3 DEFAULT CHARSET=utf8mb4 COLLATE=utf8mb4_unicode_ci;

--
-- Dumping data for table `payments`
--

INSERT INTO `payments` (`id`, `order_id`, `method`, `amount`, `status`, `paid_at`, `ref_code`, `slip_image_url`) VALUES
(1, 1, 'CASH', 130.00, 'SUCCESS', '2026-01-30 04:19:05.865', 'CASH-1769746745865', NULL),
(2, 2, 'CASH', 115.00, 'SUCCESS', '2026-01-30 07:54:11.662', 'CASH-1769759651662', NULL);

-- --------------------------------------------------------

--
-- Table structure for table `promotions`
--

DROP TABLE IF EXISTS `promotions`;
CREATE TABLE IF NOT EXISTS `promotions` (
  `id` int NOT NULL AUTO_INCREMENT,
  `title` varchar(191) COLLATE utf8mb4_unicode_ci DEFAULT NULL,
  `image_url` text COLLATE utf8mb4_unicode_ci NOT NULL,
  `is_active` tinyint(1) NOT NULL DEFAULT '1',
  `sort_order` int NOT NULL DEFAULT '0',
  `created_at` datetime(3) NOT NULL DEFAULT CURRENT_TIMESTAMP(3),
  PRIMARY KEY (`id`)
) ENGINE=MyISAM AUTO_INCREMENT=5 DEFAULT CHARSET=utf8mb4 COLLATE=utf8mb4_unicode_ci;

--
-- Dumping data for table `promotions`
--

INSERT INTO `promotions` (`id`, `title`, `image_url`, `is_active`, `sort_order`, `created_at`) VALUES
(1, 'Weekend Promo', 'https://picsum.photos/seed/promo1/1000/400', 1, 1, '2026-01-30 03:13:33.529'),
(2, 'Lunch Deal', 'https://picsum.photos/seed/promo2/1000/400', 1, 2, '2026-01-30 03:13:33.529'),
(3, 'Weekend Promo', 'https://picsum.photos/seed/promo1/1000/400', 1, 1, '2026-01-30 03:13:45.122'),
(4, 'Lunch Deal', 'https://picsum.photos/seed/promo2/1000/400', 1, 2, '2026-01-30 03:13:45.122');

-- --------------------------------------------------------

--
-- Table structure for table `restaurant_settings`
--

DROP TABLE IF EXISTS `restaurant_settings`;
CREATE TABLE IF NOT EXISTS `restaurant_settings` (
  `id` int NOT NULL DEFAULT '1',
  `delivery_fee` decimal(10,2) NOT NULL DEFAULT '0.00',
  `open_hours` varchar(191) COLLATE utf8mb4_unicode_ci NOT NULL DEFAULT '09:00 - 21:00',
  `qr_image_url` text COLLATE utf8mb4_unicode_ci,
  `accept_cash` tinyint(1) NOT NULL DEFAULT '1',
  `created_at` datetime(3) NOT NULL DEFAULT CURRENT_TIMESTAMP(3),
  `updated_at` datetime(3) NOT NULL ON UPDATE CURRENT_TIMESTAMP(3),
  PRIMARY KEY (`id`)
) ENGINE=MyISAM DEFAULT CHARSET=utf8mb4 COLLATE=utf8mb4_unicode_ci;

--
-- Dumping data for table `restaurant_settings`
--

INSERT INTO `restaurant_settings` (`id`, `delivery_fee`, `open_hours`, `qr_image_url`, `accept_cash`, `created_at`, `updated_at`) VALUES
(1, 20.00, '09:00 - 21:00', 'data:image/jpeg;base64,/9j/4AAQSkZJRgABAQAAAQABAAD/2wCEAAUFBQUFBQUGBgUICAcICAsKCQkKCxEMDQwNDBEaEBMQEBMQGhcbFhUWGxcpIBwcICkvJyUnLzkzMzlHREddXX0BBQUFBQUFBQYGBQgIBwgICwoJCQoLEQwNDA0MERoQExAQExAaFxsWFRYbFykgHBwgKS8nJScvOTMzOUdER11dff/CABEIBGkDBgMBIgACEQEDEQH/xAAyAAEAAgMBAQAAAAAAAAAAAAAABQYDBAcBAgEBAQEBAQEAAAAAAAAAAAAAAAECAwQF/9oADAMBAAIQAxAAAAKBHq8gAAAAAAAAAAAAAAAAAAAAAAAAAAAAAAAAAAAAAAAAAAAAAAHgzn0a0AAAAAAAAAAAAAAAAAAAAAAAAAAAAAAAAAAAAAAAAAAAAAAB4M59GtAAAAAAAAAAAAAPvYvWN1PPbvjn0qi1/ZUVt+Sqa1zynMvnoFF688I1gATcsInSwTfzkSbNms3dINlGsb1aLZ1gbZqJ/Qljzds0k7qSxouQAAAAAAAAAAAAPBnPo1oAAAAAAAAAAAAC8Z9yp8PRD4Dv516ot659NSoW+oWNvUaz0aHxy/Hvz4d/OAl4hLeojcr/AD6fFwofQ655My20kXWrLXrLazec+lJstfsHXnpw0zDWbVxhcONeTdK3TY3t3SXPtZPrGq1Fbul25BcgAAAAAAAAAAAeDOfRrQAAAAAAAAAAAAHTahb6vw71qa0bB05zeb7cO+PFsigR1jiPR55ucipXl154O/AAC31+YhefTSvtCuVlUl4GVqQx/MnjW8oPpP8A3uxiYYaViumZiQrFtxquWz6Z1G48urqezdazEN8z0DvAXIAAAAAAAAAAAHgzn0a0AAAAAAAAAAAAB037+Kv5vTa3O7BrNkGOgHiMkrj60t3SmueD1eUAXPOqYuVcNBvyFQCT2CEZ7AVhZdKIcuhS2xaymLlESwizw1mrjmRDLhmmqSsNe1kLkAAAAAAAAAAADwZz6NaAAAAAAAAAAAAA6bULbVOHevzUK7cekZeZXvj2ksUfAzzbO1Fungu2pE2Hl9bmC11T0YC5XekXvn0gNvWiiy7GzrY3SrrX/neJ6tWKoVcjV56iLpHa9V221K42VPXmozeLN59QnPpsxttqVmrZa1ZbKmOnMAAAAAAAAAAAADwZz6NaAAAAAAAAAAAAAvOal3rj3oODp2O55re9/JnUTA3PHPNT1wXlUJWaN561ZPc+3l611T0cFwp4T0CJ3R0Bb65pos9YKt9b1EWL6rY2rlQxcomDS3GnGpd6zHIz2OqqC5AAAAAAAAAAAAA8Gc+jWgAAAAAAAAAAAAH18iZ2K8zqwq8LCrwsKvCwq8LCrwsMNrqC5AAAAAAAAAAAAAAAAAAAAAAAAA8Gc+jWgAAAAAAAAAAAAAAAAAAAAAAAAAAAAAAAAAAAAAAAAAAAAAAPBnPrqDHfl7qA5e6gOXuoDl7qA5e6gOXuoDl7qA5e6gOXuoDl7qA5e6gOXuoDl7qA5e6gOXuoDl7qA5e6gOXuoDl7qA5e6gOXuoDl7qA5e6gOXuoDl7qA5e6gOXuoDl7qA5e6gOXuoDl7qA5e6gOXuoDl7qA5e6gOXuoDl7qA5e6gOXuoDl7qA5e6gOXuoDl7qA5e6gOXuoDl7qA5e6gOXOnJz+xz9QAAAAAAAAAAAAAAAAABp+pttQbbUG21BttQbbUG21BttQbbUG21BttbZUAAAAAAAAAAAAAAAAADwHoAAAAAAAAAAAAAAAAAANTb1NFmZQ+rViV5ZYVeFhV4WFXhN6+GJJbPEzEfD36XD87SPnb1NtQUAAAAAAAAAAAAAAAADwHoAAAAAAAAAAAAAAAAAANSAn4LWNeR1PjWcGRpWe7cxER8YdlWrKav0v39/Ggm1ufHkupu4N0r9jrN6Pnb1Nvn0BQAAAAAAAAAAAAAAAAPAegAAAAAAAAAAAAAAAAAA1IGe27mi/d3alFlLMimfN1VSpGyIqHtuFdzTiVpbqWE3N8VW1BqbeptgKAAAAAAAAAAAAAAAAB4D0AAAAAAAAAAAAAAAAAAEfm2iaraGq2hqtoaraGq2hqtoaraGq2hqtoaW6KAAAAAAAAAAAAAAAAAB4D0AAAAAAAAAAAAAAAAAAAAAAAAAAAAAAAAAAAAAAAAAAAAAAAHgPQAAAAAAAAAAANTb5QdLclHWnJR1pyUdaclHWtzjPZjXx0ysHWnJR17Y5/0AA+dXzkx1rJyGynQQYPisVk6uDHr6XMjsmLDWyy7nI+uDHkhzcclHWnJR1pyUdaclHWsnIbMdAAAAAAAAAAAAB4D0AAAAAAAAAAADlHV+UEjZ4a8EAyjEyjFDXOBOedm4z2YoENaossbLJmlKa0cVayc6tJbuTdE52Xab+N42qHY6oSctrWAyU+Wrx7NxN1MdSm4UqfXOd9EEPMQ5zG/UHrBHJLTMLMMLckzk8xGyR0AAAAAAAAAAAAHgPQAAAAAAAAAAAOUdX5QT94o94OMgA6nHyEec87Nxnswjq3FkF07c2CA552HAclfVvKc60NPVr+YqvXPnbPdKBqRo9L5p0smwcos1n+jYa/MDq8Pr7BzHrPJusleo94o4BOdK5r0o5bJRskdAAAAAAAAAAAAB4D0AAAAAAAAAAADlHV+UE/eKPeDjLMMLMOmx8jHHPOzcZ7MQOpaQBG1/foRju1NuZbTEV/UtdfNNSsxb31bynLZzsstk5t0Qyw0xTwqnXCNwzEOcx6zybrJXqPfKSYWYS3Suc9GOWyUbJHQAAAAAAAAAAAAeA9AAAAAAAAAAAA5R1flBP3jlkuXxQxfFDF8rkNoEJ2bjPZgrOkXMqJblZswUOwG/wAm6zyYLlgKp1zkfXDa0o2FKk6BVCKSlsJmt4M5VOuVmJL5D++HMes8msp0FQxfFDF8UMRMlBzh0AAAAAAAAAAAAHgPQAAAAAAAAAAAKBfxzV0oc1dKHNXShzV0oc16UFAiJesHTKXDiftvMx9WmqDo1V0urla0oeDHXOR9cISD6DpGlS4cT/R+cdHKBv3CnElzgOgyUbZTmrpQ5q6UOaulDmrpQ5rOW4AAAAAAAAAAAAeA9AAAAAAAAAAAA5r0rlBZ7hzWxFRR86bV/qdsOdR1o0iETdUL9NQ8+YKDZNIpydghcadYi8blbshzWDnNQjuuU6RLV81jKSzeFfpPSKkXH7rksZm1WyxxuyOb9Mp0iWpEyxym7Qm4TFAsFPJCwac8WQAAAAAAAAAAAHgPQAAAAAAAAAAAOUdX5QaC3Xg4z0PnnQyxgFcLHxkOgSsVKnKuncxHQ+eWboBxl9/Bv9X5R1c5rs9BDkvWhxnfs1ZOrgIbmRv2ayVstXINrrhWrKDlHVxSrrUaOdm5/WehnPHZhGSYAAAAAAAAAAAAeA9AAAAAAAAAAAA5R1flBP3jntrNCX3xoVKycxOtfERvmhz/AKfSj3Pr/BEAs3QOf9AK15v7hFWD4iyXifIU1FVmCd2fucKYjxLSEPZyvZ6vaDfsQVjB5oF+REoVSj3ijnQJff0BUpmrEhLUafOgAAAAAAAAAAAA8B6AAAAAAAAAAAByjq8acrXCnnZnMbkZOY9ijTl7qA5f2aJo506O1Jg466hRjf6Bz/oBxy60rbOl8mlokL9JHL+uadOOjqzZgCG5l2GOOX3Wr2guLBzg6dD48hzHrPJpYsVH3tE7Nz/RshX+lR8gctko2SOgAAAAAAAAAAAA8B6AAAAAAAAAAAACq0O+UMWuqDpU5zXpRA69ViToHPwtUtz8dAjqh040LOHHPj7ljycn69vnZ9yrSssrTfjfuc81l0sdYac5H0smwcos1ZsxbKRfBD7O+KGvgoa+DjPQ+edDJmD3uYltkpSTAAAAAAAAAAAAPAegAAAAAAAAAAAco6vXjnS/igL/AFohUlbSgWaHyHVFDHxF+enUwERWi+KHPEPFT/vp8vzLyzh357o32p+jz3nk3Wqv5fVRul80sC9GVO2AGDkHY62UCc+Ps6Vyjq9eIu6xMscZX8VzpUDPBTt0sgAAAAAAAAAAAPAegAAAAAAAAAAAaO9yg6fsUe8GjSa6JzpXNelHL9HekCKdVHIdiXrB1hycX6pSvQDlVrtXyRSv6nbz9BRm7x6/X3Ca2vPZoaY5Tn1aAWf6Pzjo5o5uYWYuIKBqbeodKBh16/RzrGxx/oZYwc6kboAAAAAAAAAAAAPAegAAAAAAAAAAARMsKlBXCulVudM6GSEmEXE7mgQXSqHLEtq6Y3KXaKmSXQOaWUs3iMI6qW/f68alat3NlSvblpvHEyn1959fM7ZYIGd81an44rdv1NstXPLFFkFv6m2dK5/0ClH1Mw+4bkFI6Rju9RtwQOclwAAAAAAAAAAAeA9AAAAAAAAAAAAOVnVFIu5xnofPOhljBy+Qj4w7HxnJ2A427JHnKzphzN0Hnx2Wm1Dw+G/1UiZjyALByXX6scl3+q6Zvc4hPknej846OKdcacVTrnI+uFA1NvUOlAqNHvFHHQ7D6eojmhISVbsh0AAAAAAAAAAAAHgPQAAAAAAAAAAAOUdX5ofE3WxZlx5+bqp7B8bUfPEl82bmhZfK3vEzZAiOeX6oGg38QtFS2ix6EH6a/XOZdDJTSzYTkxuH3ZK2Oox259lbtmptlA1JTTOhVOwUAmvcVpNyAk6kbHuhfynyUp9GwAAAAAAAAAAADwHoAAAAAAAAAAAACv1U6Vz/AFdA3+lc16UcviepYTmfZoWaEdBQBDAs3QOTb50qmRE2Vfq8TLHNdnW2ToPJetRJCWR4cn6XzTpZNgU7QkCp9cgqkdKh/iUOQdZ0pYqtH61onM+h7MEXdzUa8lAT50AAAAAAAAAAAAHgPQAAAAAAAAAAAIOc5QWeM27wcZmIfoZFS+zzE6K50Oi2HjPZigViz1gTsF04qjoY55ZJ8AU7NawAwZxzy4yQ1YjY5kWqald0wcg6/wAgLbMc6HRXOh0VzodFi6d0MrEH07mJPT8tJgAAAAAAAAAAAHgPQAAAAAAAAAAANXaqhZM9NFmz1IW/WrIsysizblNuRQKxZ4M1OnQwuKnCs+WeENNjtZN68ZGkV1DkNxNqv+xp1ygbwjrtD2Q8qtrhigaNypperBDTIVm2FSpl4o46HoWAw8x61WSfk9bZAAAAAAAAAAAAPAegAAAAAAAAAAAco6vygw5p+8HKHVxyh1ccox9brhzzs3GezFAiZasHWqTW+nFAdXGlUqt8G90zkomo3XspE6nYuSmnlxb4v0yMevpcyOyYsNbJ7lgdB39CynKOmbYqNHvFHOtOSjrm1zXpRq/XNZI6AAAAAAAAAAAADwHoAAAAAAAAAAAHKOr8oJ+8Ue8HOleFhV4dZiZCPOedm4z2YjdPexGtL54wk2hvnHLLqWYyp4QOla66VyDxBv8AssdAptypZhnIm6FAivj0j04MO3F6RYVemjBGSEeLfULmbkDN0Mzz9Zsx0AAAAAAAAAAAAHgPQAAAAAAAAAAAOUdX5QT94o94OMgA6nHyEec87NxnsxQIuUrp2Hmuldyv9ArFPOruUDq7mnSxXYGENQ6iQdxwZwAh6ALNNwpcHMOnlArHXsZyXrPtAJ2j3G0nJXWqUVpNdAOS2a6ZDYAAAAAAAAAAAB4D0AAAAAAAAAAADlHV+UE/eKLdCprYKmtgxQ87XChdm4z2YgYy2+FTXHnRKNS7FUhOjU4r/V+UdXK1p3H4KitfMS+TFRtwrk7QSTRvQzDVLXUSr9c5H1YzaezFkKqXUjQm/j4M0DMfZXbL84zM89AAAAAAAAAAAAPAegAAAAAAAAAAAco6vXznLoA5+6AOfugDn7oA5/2as2YoEXfNcnwVznnWIc5+6AKd1ev2AV2xaZyXrkHYjJpbuM470vUnDaByjQ6NhOfugD2y6G+AVGj9WiTn/Q/iXNbmPXIMk5PBnAAAAAAAAAAAAPAegAAAAAAAAAAAAAAAAAAAAAAAAAAAAAAAAAAAAAAAAAAAAAAA8B6AAAAAAAAAAAAAAAAAAAAAAAAAAAAAAAAAAAAAAAAAAAAAAADwHoAAAAAAAAAAAAAAAAAAAAAAAAAAAAAAAAAAAAAAAAAAAAAAAPAegAAAAAAAAAAAAAAAAAAAAAAAAAAAAAAAAAAAAAAAAAAAAAAA8B6AAAAAAAAAAAAAAAAAAAAAADH9x8gx6G/EVnvHfE7AADEmVjyAKPhPsKAAeY0yhQAAAAAAAAAPAegAAAAAAAAAA8NZnI0/u8txoJZD4j89bvxq4yR+fqPm5HFkjrPfrd1mM+hk9T4kI/cayfH3HTW5rfGveWeSj9pr6+9XXXJu6W0fXurrkm1Ms1k90c1mzjx6ife3qbDOb6jdlrPo5fE+9jDqEj9RUq38anx6x9ZNfbTYE9AAAAAAAAAAHgPQAAAAAAAAAAeRknpOP1h2fmzD5mJikNTbbjmfxz2o/wCsrW1HSWJvJq6mZz91pTEulK6myv1HyGrLpZMm9ecVm92TzU+sq48n1lXU+vj1n3Pl0GvM+DbTD95dQ8kdLdb1sef1MHz4Y2MO1qtY5HBqj3HtMZdf43HTKJ2AAAAAAAAAA8B6AAAAAAAAAAAAAAAAADR+9s5g6AAAAAAAAAAAAAAY9TfMY8g0CgAAAAAAAAAAeA9AAAAAAAAAAAAwfOoSgAAAAAAAAAAAAAAAAAAAAAAAAAAAAAAAAAAPAegAAAAAAAAAAR0jqkXmw5iT1vnIbfsFuEjiyxpv4vmMJnVy6hKaerHlgyxEkZtLd0jPmrm2bW1Hbph2teMJf580yXwa0cTWh5lNOZjJQya+xVyb3NDCS3zCShia2kTmOOkjawxvyZvnDOkZuRXhO4M8GTgAAAAAAAAAAPAegAAAAAAAAAAQc5iMkJ975DT+tpGOdxahIx0j8mrFbHpMYc3wQ3klpHzLRssPEQY5qP2zUw+bxtwU7om7q4NYy/MvGG7G7ukeS8XLiEm9E24ab0zUxTOA9is2c15NFjya0jRm9PWMPkgNyEzbJvAAAAAAAAAAA8B6AAAAAAAAAAAAAAAAAAAAAAABpbo0d4AAAAAIT7mAAAAAAAAAAAAAAAAB4D0AAAAAAAAAAAAABp7J9vn6ADz5PtGyQAAAAAAAAAAAAAAAAAAAAAAAAAAAAB4D0AAAAAAAAAAAADU24MloidgyS0tacPcUbmNmJlo4TkBJG6w5ggxOIrWJ5rRJPoqQMrFCk+ipAysUKT8X5rn1LfcGZckZuEpHTEWfUnBzBptLOSzEMqA2iVAAAAAAAAAAAAB4D0AAAAAAAAAAAACBnsZ7CZpMiJzR2SGy4NIm29HmtM62UzfXx9ELk3PT5hprOfdbmNkw6+fbMEDPfZh18+2YIGe+zDFyf2eaP1KkBsbWI2NnHFmDLJ7BCfE5gNbbz4CBm82A2wAAAAAAAAAAAAeA9AAAAAAAAAAAAAAAB8/OQAAAAAAAAAAAAAAAAAAAAAAAAAAAAAAAeA9AAAAAAAAAAAAAMB9ZdbZDVzn2AeHrB9mQAB84jO81zZeehj8Mr4H2wZj1r5z1gzhj8Mr5xGd8YTZY8RsvPQxfZ9MGY9a2wetbYPQAAAAAAAAAeA9AAAAAAAAAA1tnWPrX+vDP559GLz7zGH7+cR9ZfnMauR9Hz9fHwZPPvGPPr5M+X5+jVy4/owbupsmHzzw9fOcw/WHcPjD87Z9a/wA/Y2dTaNXx6fOT5yGfB94DY+2kfWX71jzJhyHz9fXybWvmwG1qfO0fYAAAAAAAAAPAegAAAAAAAAAfP0PjzIPMWYAfPvoxZQ+foMWUMOX0fD7Hx9h5jyhiygD48yD49+hj+/RhzBg+8g+PMg8x5Q+foNfYGLKHy+hiyhiyejX+8oAAAAAAAAAA8B6AAAAAAAAAAAAAAAAAAAAAAAAAAAAAAAAAAAAAAAAAAAAAAADwHoAAAAAAAAAAAAAAAAAAAAAAAAAAAAAAAAAAAAAAAAAAAAAAAPAEQzxl0QJdECXRAl0QJdECXRAl0QJdECXRAl0QJdECXRAl0QJdECXRAl0QJdECXRAl0QJdECXRAl0QJdECXRAl0QJdECXRAl0QJdECXRAl0QJdECXRAl0QJdECXRAl0QJdECXRAl0QJdECXRAl0QJdECXRAl0QJdECVRS85gX1AAAAAAAAAAAAAAAAAAAAAAAAAAAAAAAAAAAAAAAAAAAAAAAeA9AAA89qxaPaPeDzzXqePNdPqGmNdfRegAAAAAAAAAAAAAAAAAAAAAA+D7eegAAAAAAAAAAAAAAAHgPQAAKtaasaF0pcqaG5WuiY8ecb9eP51dPPGcGuw1V2fdXOfbB6ZmP4M7F8GwwYDeYfk2D4Pv5w+Gf61tk+PvU+jZea5sseI2fhrm2w/JsfL5PfvGPj6x5DK+MZnwPk+s+t9Gf4YjzPh+BtYRnauQzNb02Gt9mZp5TO1/g22Hwzvj4MzB4bDB8my1cxkav2Z2DOAAAeA9AAAq1pqxoXak3g55IWjnx0yI1p+YqXxYdPHhx2Dz3fsaG98XrqZc/yZdX79M2hsj5+M2sZfPrIfetlxmzgz4zVy+ZjFs48hqbPziPj6zYzHs/P2YdOQ8PrXy/Bn+fr5H38emD3zZPjEymH3L4YmT6PrD5kMOb3Ee+Zfow5sOwa/wA5fT61dvCfeLPhPPr79MH1kxhmwDZ19g1ceyMO1jyGvm8GDb1tkAAA8B6AAAD5+geej5+geegAAAAB8fYAAAAAAAAAAeejz0AAAAAAAAAAGLKAAAAAAAAAAAPAegAAAAAAAAAAAAAAAAAAAAAAAAAAAAAAAAAAAAAAAAAAAAAAA8B6AAAAAAAAAAAAAAAAAAAAAAAAAAAAAAAAAAAAAAAAAAAAAAADwHoQAAAAAAAAAAAAAAAAAAAAAAAAAAAAAAAAAAAAAAAAAAAAAAD5YF5f/8QAAv/aAAwDAQACAAMAAAAh++++++++++++++++++++++++++++++++++++++++++++++++D++++++++++++++++++++++++++++++++++++++++++++++++D++++++++++++++6y146Q+++w+68+4+8y42++++++++++++++D++++++++++++++4e/U+Q++uN5p+DgWlqhce+++++++++++++D++++++++++++++h+xO+R+++696dKteidpRW+++++++++++++D++++++++++++++gJ888C++6666226yyyaw++++++++++++++D++++++++++++++J+JasM2+/SMSML5+4leq++++++++++++++D++++++++++++++Y1p3/PA2+u+e+e9c+esu++++++++++++++D+++++++++++++++uOOOOOO++++++++++++++++++++++++++D++++++++++++++++++++++++++++++++++++++++++++++++DxxxxxxxxxxxxxxxxxxxxxxxxxxxxxxxxxxxxxxxxxxxxxxxxB8888888888888888888G+++++++++8888888888888888888A8888888888888888888uEFNNNFDIe+888888888888888888A888888888888888888orJPX7a5RV1+888888888888888888A8888888888888888884qgigwQxDyi+888888888888888888A8888888888888888888OOOOOOOOOOc888888888888888888A888888888888888888888888888888888888888888888888A888888888888oMMMMcsM88kM8g8MQ8sMMMMc888888888888A888888888888okMMM88MU8cYkgosI888IAM8888888888888A888888888888oU88U8www4wogk88E48o8888888888888888A888888888888oU88U888UM08MIc848co0808888888888888A888888888888oc8848w80wU0oswwE08s8880888888888888A888888888888s88888s8880soosUY8s8888s888888888888A888888888888oYIUkMYk0408oo8EQ4UI0ckY888888888888A888888888888o088888880U88g88Ac8sc888888888888888A888888888888oQc8wUo88gwg4w8IYcYw8Y0k888888888888A888888888888o0w084088EU0o088ow8o8008888888888888A8888888888888Us8Mcsc8UhcJwc8Acs888s8888888888888A888888888888o848884884Dw9u888U8oc884888888888888A88888888888840M8888McozzHN8Uw8U8c888888888888888A888888888888scscU4Qww8dinBQUs8U8Yw80888888888888A888888888888888848440M044ssUo8U88480888888888888A888888888888sAMAUQwQ4wQgkg8gMUUgIgEU888888888888A888888888888804808080sU84M88o08o8888888888888888A888888888888408MMc8s8s888sssUUsMMc8c888888888888A888888888888ocsc88488MEYIIgcMU488408888888888888A888888888888oEMMc88MMUsscocMQ8sc8M8c888888888888A888888888888oUMMU8Qo0I8ock4Ug8kMc4E8888888888888A888888888888oU88U84www8s8c84A8Yg4w4w888888888888A888888888888oU88480484c484s0I0s80sc8888888888888A888888888888swwww008wwcokow8Yw88w040888888888888A888888888888888888888888888888888888888888888888A888888888888888888888888888888888888888888888888A888888888888888888888888888888888888888888888888A888888888888888888888888888888888888888888888888A888888888888888888888848A9w88EI8F04w488888888888A88888888888opP9dqJ9NZvLxBYZWwd45wNww4U8888888888A88888888888HwMcHBlVwNLW39FvF8R0ByFhXk88888888888A88888888888MMMc88sD888888888sc88MMSAM88888888888A888888888888488888888888888888888888888888888888A88888888888s8k44000A0Iw8QkAQ4Yg0ooMMs88888888888A888888888888k8g80okE84M4EcAco80EYcg4E88888888888A8888888888888888888888888c8888888888888888888888A88888888888888488w088888888888888888888888888888A88888888888884I8kQw8ww80000gMkw4M448888888888888A8888888888888o4cYoI8I0AcocoYMsUcM8E8888888888888A8888888888888888c8888888888888888888888888888888A888888888888840w88088w48408000408040048888888888A88888888888sg4MEkIgUUAQA4og8cY4E84Msk88888888888A8888888888ss8MM8cc8c8ss88sc8M8ss88ccc88888888888A888888888888888888888888888888888888888888888888A888888888888888888888888888888888888888888888888A++++++++++++++++++++++++++++++++++++++++++++++++O888888888888888888888888888888888888888888888888A8888U2Mw8888888888888888888888408888888888888888A8888Q/BLVs4ww48w8oU80408owI8kcsU048048w08www0888A8888UsVIjsU08YYUsMcwocUwgUcwk4QsQUIsYAgUUgsEU888A888s888888888888888888888c8888888888s88888888888A888888888888888888888888888888888888888888888888A888888888888888888888888888888888888888888888888ANNNNNNNNNNNNNNNNNNNNNNNNNNNNNNNNNNNNNNNNNNNNNNNJx//8QAOBAAAQMCAwcCBAcAAgIDAQAAAwECBAAFBhAVERITFBY0NTNAICEyUCIjJDAxRGAlJkOANkVGUf/aAAgBAQABBwL/ANoRjeVyNHYpzk29Oya6dk107Jrp2TXTsmunZNFsk4fzcitVU/y0OGSabhxYgYg9xVRqVxg1xxU1WuTar2s+fHFXGFSVNt4ZrKOAkcrhfCyxSyDa/p+ZXT8ypkAsHh06zyWxlPUSK+YbhTYBYO5lFiFllUcuIWGRB1DgFnb9S4r4huFlGgyZm2unpVSbZLiorqhwizXPauH5tHtM2O3e+82aMgIbFuE1sEO8aQaS/fys/jotYh7YOcWaeG7bEkslgYbEEZHBaf4W3uaxrW2iYWYAjpt3lx5Rxy5x5m5RvEOysPfpWI/ri5WKPworjXwCGitPWHPrlVfu/XKHG5qSMUuUG1x2It9nqtW26tm7RXeFyh9uHfWk1dLnKiSuFarm+ar2XgDY8133kabohJiFf1IW52fx0asQ9sH4MOu2slNuab0CT8eHu2NVz8hKyYJpoAx9PRaiWkMM3FxH9cWgiU5hiuhGw7dw7SRsy3cMwnAKQWHPrlVfu/XLDyfqDOvzl51qVbXbk6JWIW/pROw760mptoFMLxgRYdqG58+VzklxfvDPoZWIe8FlZYgpRirykamtaxN14mE+XKRlq6RmRJbmVhz+3Vw7GV8eHu1NVz7+VkXalpVealVZTGfOamI/ri1h+PvlIeXHhSt1IseFF36xBH3SDPhz65VX7v1ysZkFN3b/ABXqrJMJIzpI60kKSwycQmT8gGHfWk1eDlDcdr2iu9vpzVY57fvA/oZV7iyDy2O06bVijHjuk/Deokk0xHadNqxANH5qrh2Mr47JJjhjlS4uY+ZJdRZkVbY5lWcowzEdfTiM6NUGTDhQWNI9xXuexyjex02TCmQXNsRwgdJq8FGWarqTa1UWFexPajOHZ3/iddbeJRjvsMezm7EcQCyKvBRlmK6zTkjFUd6SKVyH+8M+hn7dw7KX7lSPcjG/fGfQyr1KkAlMTUJ1WGSc7pKfAWbwZajT5plcOyl/EO2WzlhlS2WiRU+C+CZG2yKkyUxl5t4oqCJamxCSOFeLc2IrCRwPkmYK5Q7fCjVZ4ESVGc+8QWRCjyBZoiAGkpiDlSWDtls5YZeVsdXUNvGwS2i3xJMTfuERYUlzLLEBKKelBEHd3BSNYnfhLbbQBEWeG0siv+8j+hlYh7wWVlmCjGenNRqa5r02q9rK5gCVMK00hz4M7grw6nNV0OSnwyRvNaEZAtk5soJMROb+mZZRJHiFkjfq1tJXzatRSsu0B47TB5Fhiz5azJDiYe7MlS9lwtSvtUfmJo6GffkyRTu9l1KG41oRmmT6NHPH3UsPY1JG2729pMOp+dIq7eQkVF7qNWIvQj/ehKjhjXELf1IXZ2fx0arv6Q/ggzeHsFV1tO/tkfAWQsS2MM7EEtUpONMkNSVEc+Fy1sgHg8RLzG4E162gzwzgpfzOHHGysPdkSrEdOJIjQIiW5JpbCRxSzyzu9l0WQsW2MN1DJqbOJOcN1h7CrLM5Y/CDD4E2Qa7eQkVF7qNWIvQj/erNIQ8NrZ8Js4O4eMaM/dys/jo1Xf0h/DAncPYKrrad7bIznPZo2yrCMfFIe53I/Nva25TWPR14QMuE0sD5TYtYgex7IuVhIxsN9R5HLTGluN4DJjKHDz2t5upveSqRI54IhaRaqusOHGGNbERjYWyrXcGyYyJddiz5CxflJjrf3seGP96hyyQjISLMDLHvqiKmzghrgipGo1ERzGvrgBrgBrlw1y4a5cNbNmV2tO/tkf5MZHidvDvs5iV1DJrqGTXUMmuoZNdQya6hk11DJrqGTXUMmuoZNdQya6hk1JPzBVL/AO3C/wChX/Qr9n5ne3q5h9cw+uYfXMPrmH1zD65h9cw+uYfXMPrmH1zD65h9cw+uYfXMPrmH1zD65h9DPvkQf2Vfs8T03/uGfwxufFmtlK9ILy7ZNRpXMI6o8tp1aizEbG5gE9pxHJAc1yOc7vQfZl+zxPTfR7sgpLo+qGpb+Nq7OoxV1GKuoxV1GKuoxV1GKuoxV1GKmXAZoJZIrxDDUa7wVI+gxghSgRIsdaWLH4JRIACIaghGLep3eg+zL9niem+nJtxFslT7jHlFZKiaiOEp7Pw91ujB28GLbSSJBgaJvI5H2dvCIsO2c1H48m2oMHMSYkfShVD8FLqwiEQJ6vgYolFThTpFshNl2ocUCvib8+0HGGXw4MqPYR7kPfd3oPsy/Z4npvr/APSVMvMqPJKK2SzS7k11u2ayemCMl0RoVat5mVYVXjylsP1TKExzrEWoG1lruL5PzsMKofgpdQLcWa17g4f/AB7b5IKHhAkwIEaGpMPdoWpwOBLMOMLgxwid3oPsy/Z4npvqXGnpc3ySwLmcjiR4d1iE4vIXRC8XjX/ZsjxrxGI8saLdYiuWNGu0RX1FbPiQVHKHepaboW3kAFBHiSWWmQGyxTRhFSpcEE1qIKxwx71Q4AoKEaSFLkXXi07vQfZl+zxPTd7R3eg+zL9nFxxNcnGPXGPXGPXGPXGPXGPXGPXGPXGPXGPXGPXGPXGPXGPXGPXGPXGPXGPXGPTVI+Qx/wBlX/Qr/oV/0K+6WdBYuzUIFahArUIFahArUIFahArUIFahArUIGRJUYDkbqECtQgVqECgyoplVM3Oaxqu1CBWoQKFKimXdyJJjx92mzoLvlkQgxM39QgU1zXta4kmPH3abOgKqZkIMTFfqECtQgVqECtQgVqECtQgVqECtQgVqECgyoplVPcL7q5d/O/bxT3wfgwt3xfguXYTs8L+SzxZ/Sq29/BzxF4g+Vt7CDWLP6VQ+6jZ3/wARM/awt3xfcr7q5d/OqxQI88xm9NWqumrVXTVqrpq1V01aq6atVXu0xIMVhMsU98GreBsibGD01aq6atVQ7RDgFUtdTXSrDcpFwbJW5dhOytdkgyoICw7RDgl4tScQXEMg47f/ANg4lDsFvCUZau96mQpxAxLlJvB2Q+mrVQhsCIY8Wf0qh91Gzv8A4iZlEsFuNFjk6atVdNWqumrVXTVqrpq1V01aquIWRpskOFu+L7lfdXLv51YU9eXlr9prX7TWv2mtftNBMOQFhcVdiLO/WybMlifEtc6DJDK1+00A4pQkNKlghsQmv2ml/law9PiQmSamXm2miSR1YPEQ6lSwRGITX7TRrNcZJimw7BlQeaopGjYQuv2mp8GVdZT5VntM+HcBFp96tgnvZdP+b4FR7HdBnC/K/wDiJmVt7CDUqbFhIytftNa/aa1+00C7W+SRoqvPlJtYW74vuV91cu/nVhT15fxWbxcKsVdiL4Lt4ydlYPEQ6xV2IvisHiIdYo8c3KH2cLK5dhOyw54kWdy7+dWE/wC78F/8RMytvYQaxZ6MT4MPeXiZXnyk2sLd8X3K+6uXfzqwp68v4rN4uFWKuxFniKXKjzBNgTJZ5sUOnwKGMYmIwoAnbu6fApf5WsMxwGZLrT4FafAq7yDw7gcNjMSdMUWnwKRqMRG4lOePydOuE5ybKw54kWboMF3zHGjx9tStqRpC6jPrDpiHhEdf/ETMrb2EGsWejE+DD3l4mV58pNrC3fF9yvurl386sKevL+KzeLhVirsRZ3SyakdpYuG+VkBPlc5+nR2m6spfnWE/SmZz8Pc7JJI5Pp39Z1ZXVlf/ACauk66TrUtB/QW/EPOyRx8rpddM4FdR8z+R0nVsgadHcK/+ImZW3sINYs9GJ8GHvLxMrz5SbWFu+L7lfdXLv51YU9eXlwDVwDVwDVwDVZvw2yJWKuxF8eJmudAFXANXANWFGuYyZW1NirxhVxhViUg3W9uXBLWFWq3nq2psVeMKsQuR10MtgcjbrFXjCrbtRFxZ/SqH3UbO/wDiJmVt7CDWKmK4MOuAauAauAarAN7bvFyvPlJtYW74vuV91cu/nVhT15fx4q7EX7dy7Cd8MPs4WVy7Cd8Nt7CDWLP6VQ+6jZ3/AMRMytvYQfjvPlJtYW74vuV91cu/nVbrka3OI7qmbXVM2uqZtdUza6pm11TNqfeZM8SByvF5lW6SMcHEMyTLjhq536VCmmBZrzJnyXhrqmfVkuZrk2RVy7CdlbbFElwQnvFmjQIiGqH2cKr3cz23lqFfZc57IvS8GrtEHBmEBa4g5kwQOl4NEvsuA98WJ/2Lfp+HocVjj9Uzas08s+I4t/8AETMg4lmBEIXVM2uqZtdUza6pm11TNrqmbUmQ6UchsLd8X3K+6m2W5mlySaBdq0C7VoF2rQLtWgXatAu1aBdq0C7VoF2yxT3watxWBnRS6/aavJxSrjILYJYIksj9ftNL/K1h6fEhMk1Iu0CUAwNAu1QrhEtsQcS+XODMhoOofZwqxDAlTeUqNaZ8OQCRr9pq9SAyp5S4c8rFym2W5mlySWr/AITj0e92p4DNrC3jSVdwEk2+SLQLtWgXatAu1aBdq0C7VoF2rQLtWgXatAu1WK2TYUohPcL9lxT3wf2Lb38HLEPl5ecPs4WVy7CdnhzysXPFn9LPC3jSfZF91PnThzZbcNSpMg8lK1K4VqVwqyTJZrnFZV1nTQ3GUzUrhWpXCtSuFWNg50UhNNt9abb6vYmBuclmeGo8c45dJAgsVFrEPl5ecPs4WTmtc1zdNt9abb6u0cEOAY2pXCoL1dBhqWNHkVptvrTbfQgCA3dvRCBtskmpXCoL1dBhrlqVwrDpinhFdeiEDbZJNSuFalcKw7LlHmFT3C+6uXfzqs1zHbSld1VEyt9lLcQuNbbAeFMEep+HpMuWY/SsqulZWWFuwNUk6Ro5jdVRKLay3p63C42Q1uC0uVmuwra09AxJGMUQaxD5eXVugPuJ1D0rKpmIY8RrY3VcWgYkjGKIOVziOmwiA6VlU2/AgsbEtt0FcuNRCIIb39VRKt88dxBxbnFWZBNH6VlU2/AgsbEtt3FcnFbXSsqgSm4ebylyv8eZDKCo2HZEoAjWizHtslxfcL7q5d/O+DCvYl+PC3YGq7eMnZWDxEOsVdiL4Lb38HLEPl5dYX8llO7yZlbe/g/Dcu/nVhP+7UvspOWFvGkzuXfzqwl60vPFPfCzs/i4Xul91cu/nVhT15eeFexL8GKuxFnhbsDVdvGTs8Ld8XJ31Llbe/g/Fiz+lVt7+DniLxB8rb2EGsWf0qh91G+LFnoxM8K9iX3q+6uXfzqwp68vLpeDUCCO3hUV0kkhwTyOqZtW87pUIB58EVwCgul4OVvvMm3iUR8RTJISBywt3xcul4FdLwaFhyEEozZXiaWBFabqmbXVM2on/Yt+iWKJBYSV1TNrqmbUe5GvRGwel4NEvsuA98WJ/wBi36ZhuCN7X1eLxJt8porXfpUuaIGWLPRiZdLwagQR28KiukkkOCeR1TNrqmbVmvMmfJeH3C+6uXfzqw9MjwzHdrtqzv8A4iZlbLxbgQIwtdtVa7aq0C61oF1otmuIWPJlhbvi5a7aaizYs1HU8jRseTXbVWu2qr7coMuGg6bZLk9qPw7ClQuaqYNTQ5bNAutaBdat0KTbJY5Wu2qpz2lmyyYT/u53+2zZcxpLdBlW2WOVrtqphGFGx+LPRiZybnChvQdwnxLlEJF0C60YJAFeLC3fF9yvurl3874b/wCImfHdvGTs8Ld8XJ31LWE/SmVcuwnfDD7OF8OIvEHzwn/d+C/+ImZW3sINYs9GJninvhVh7y8TK8+Um1hbvi+5X3RLPbXve/EMCJDCB1a5dKsEo8qE8hwBkCcLQ7VWh2qtDtVaHaq1y6Vh+UeVDI8g2FG8eh2qr0EUe4nFhbvi5O+paizpUPeR94uJGOZVntkCRbo5dDtVaHaqkXaeA5hYdnSZfN/AcAZIlFodqqcxopkseE/7tSVVkeQ/XLpVglGlQ3vv/iJmTLxcRsayVPly91K1y6VaQiusZThtcCORpavPlJtYW74vuV93ivtYudmvMaBGcKJfocw4wVJv8OKcgOqINdUQcrLeY1vjPF1RBrqiDR7Ya8lfPs9nk26U8tO+pcoVnmTfxdKVAiclFEDKXhoxSlLZLYe28zRSoAJS9UQahSxzY7TZXLv51YT/ALtGZxAHZ0tNqzwSwIrhXSK+ZAODpabXS02ulptdLTcsK9iWpcocQBD9UQaNZpNze+bZ7PJt0p5fcL7vFfaxfgw95eJlevKTfjsHiIebvqWrNB56WjZ84VuEytemrUC7yjyxCusskOM1+vTahXxSFaOrl2E7LDniRZ3Lv51YT/u/tYV7EtX/AMRMys/i4Xul91cu/nfsYW74ueKe+DVo8nB+O/L+uoQ3nI0cC1SwSwku0UkuM1km3Sojd+gKrhCUybpi5Yc8SL4ZfZSc8PeXiZXLv51YS9aX8GHvLxPeL7o+HIhylL0rDrpWHXSsOrxbx26QwVritmzQx+lYdXCM2JMOC3XAtuK4vVUuuqpdXCeS4maW0eTg53ieS3xmF6ql11VLqy3Qty5mrvAlSJavtMCVHlo/K6heeE9mlT6F8hjSbh6KIMo9Qr9Igx2gtl+kzZggZkYhRkH0rDq8wB2+S0WHvLxMj4ciHKUtutIba4jq6Vh10rDqJYY0KSM9TcQyokswbPepFxkPH7hfdLcYDXK0EuLJVUrVLdWIjhkSxOw95eJlevKTaDHNIdu6Vcq0q5UaOeO7dtj2jnxH6pbq1S3VeyDnxGi0q5VpVyrDUY8bnKl3YMMvCiXYMwvCyIRomK5Pmm2p0+E6HMZlhzysXJbjAa5WhlRpO9ninyLaw95eJmaTHj7K1S3VqluoJwyG72V0t841wlPw7ClRppF9wvurl386sKevL+DD3l4mV68pNrC3fFzxT3wfgwt3xc/4I+r7361b5SQ5TSgusSQVojnHHbvTZ4SgcyFOUH4Ec1yIs+MWLKKzLDnlYuVy7+dWE/7ueKfItrD3l4meLPRiZ4V7EvvV90Sy2wr3vujG2Rgia/dsrFbIUyG8gLTb4xGlo1ot0h7i3MArNHafX7tlKtsGY9H6Baa0C01eQCjXA4cLd8XPYm3evsEhVbI2VafIRqu3btzhTFjLuzYQLmBGzIRoJlFZ7VAlwBlnwYtsivla/dqKRxiPJhP+7UhysAd2v3apUyRNIhMPeXiZTL1cgy5Q7U916cZmgWmtAtNXI5rNIaC03e4S7gAXu193e7cW4iC3pablhXsS5yb/AA4pyAkyR38fK9LTa6og11RBrqiDXVEGrrJHMnGPZp4rfJeXqiDW3aiVcLpHtrhoPEducuznrU/8Q+XIiEVEWuGyll25F2c7a6bOgqqNnQATwKMNwBZRpBkXKPeRcj0tNrpabUT/AK5v0/EMOUxwOlptT4JbeZBYe8vEylYcnHlHNFYuHFe/qiDXVEGpMZ9/ekq2WGVCmhPUjEEOMcgbfeY1wK4XuF99hXsS53ryk2sLd8X9lv0pWLvUh52DxEPOd3kzK29/ByxF5U9Yc8rFzxZ/SqH3UbLFPkW1h7y8TPFnoxM8K9iXO8+Um1hbvi+5X3Vxe9LhOrCrtsiVnhXsS53ryk2kVW1xH1w2Vw2VdRj02ctWFrFtMSsTsakAWXEfSuV1W7v4NcNlJsamzE/4bclcR9Q2s5KHXDZVwYzkJy8R9Ku2sOeVi54s/pVD7qNlinyLaw95eJniz0YmXDZSIiVf/ES14j6VdtYW74vuV91cu/nVarnpjyu6sWuk0rmlw7sidWLXVi1Nkc3JMe12/UTuF0mldXOrq51a6tz/AEXSaVBiclEHHxV2IvgjF5c4TdWLXVi1c75qMdA1D7OFlcuwnZ2+XyMoZ+rFqOXjxwGutp1JAULDCCKMlYp8i2sPeXiZScSrHOYO/wBS/ldJpldL2tuO0WqrfP8Aj+k0rpNKtlk00zy+4X3U6DNJNlu06fWnT8sU98KhjIZyM06fRBvE5WYcMIEwjtQgVp0+tOn1AhywTIptQgVqECr6Rk6EwWnT606fRY0iPsprXPciadPogyBcrBBMd27p0+os2IONGGKRHkbauXYTsmQpZW7+nT606fUHakKE0kmPH2U2dAVcsRRJR5o1tEc8O4ANqECpkKYaXKLYGrALJXUIFahAq+CfPljJZIcsFzjPp02EzagZUUyqnuF99invhVh7y8TK9eUm/DdvGTs8Ld8XPF3qQ6tvfwcsQ+Xl1hfyWU7vJlYT/u1cuwnZYc8SL4MWf0qh91Gzv/iJmVt7CDWLPRiZ4V7Eud58pNrC3fF9yvu8QTZMMUd2v3atfu1S5kiaRCYe8vEyNaLdIe4ugWmtAtOV+uc2HLEwt7uRhvHlEmSIRFJr92rX7tVqRL20zmWW2Cex9Yh8vLrC/ksn2S1vc58SDFhb9XLsJ2WHPEizmXq5Blyh2v8A5vj0WzW0Ail1+7VYpZ5kN7zgFKEodAtNCG0bBilwok1rE0C01oFpq5HNZpDQa/dq1+7UYxDleXC3fF9yvui4ggAKUU4rL+0YumLllCs8ueJSxbbJs0hk3qa211Nba6mttdTW3LFPfBzi2KZMA03TFyrpi5V0xcqsdtkW5shMrpZJkycY1ltEy3y1LnLEpokkfTFyq0Riw4LAS5I4YXG6mttGskyaUkmxW2RbuaqX2UnKy3iJBiuF1Nba6mttdTW2uprbXU1trqa21MjEv5UkyrFNiAceo+H50kIzWW0S4EpxfcL7q5d/OrCnry88K9iWr/4iZ8WKe+DnYPEQ/wB/EXiD5W3sIOUvspP7OFexLV/8RMys/i4Xul90+DCcu0caMBctOgUIIgN3CDGVrm6dArToFadArToGWKe+DnYPEQ81uE6tQnVqE6tQnVZCOLa4rsRFIGA12oTqhrvQ4q4mOYHJ1AmTCTojKvsuUG5FbZzml3AQdOgU1rWNRuJjmBydLPnLtSsORox4JF06BWnQK06BWJo8YAYmeFexLV/8RMys/i4Xul91IxLy5zB6srqyurK6srqyurK6srqyurMsU98GokfmpIQdJ1qmh/8AH9WV1ZXSlXW16Y4KRQ8xIAHpOtU0P/j7pfNQj8Gg4nQIhDu111Pg1FNy8gBurK03Xv18DD/IyRyMrratT4NFwughEJWFvGkq4S+RilkdWVHLxo4C4s9GJl0nVsgadHcG4REnRCg6TqGDlYwQe5X3Vy7+dQo5zrs06fWnT606fWnT606fWnT6LEkgRFyxT3watjmsuER2oQKu8c8u4HNp0+tOn024wN2sSnCd0RYCo2dDdqECr4RhbnJcIJju3dOn0rVaqpTWue5E06fViEQVtEMhBiZv6hAprmva1xJMePu1JnQVjyErC3jSVehPLbJLNOn1B2pChNxZ6MTLUIFahAocyGV2ynTYTNqBlRTKqe4X3Vy7+dWFPXl/HirsRZ4p74Odg8RDzd9S/DhfyWU7vJmVt7+DniLxB8rb2EGsWf0s8LeNJ8GLPRifBh7y8TK8+Um1hbvi+5X3Vy7+dWFPXl5dTXWuprrXU11rqa61bjvkwYxcVdiLOZaoU8iE6ctVdOWqo0YcQDQ5O+pasNtiz2Sl6ctVdOWqunLVU+KKxhSX1NdaIRxXvfVt7+DleLzNhziBhXGTd5A4fTlqo96nwjFjTblKuHDzh3abBHwuprrXU11rqa61NucuejEysdqhzYhCTLbEtUck3qa60c5JBnmwt3xfcr7q5d/OrCnry/is3i4VYq7EWcq5QoREGK820z2jo92t8YjhRbnBmP4dLYLtWH4MmE2U3PFHjm5xLfLnb9Q7Lcgy4pKvFpuEueQ1otM+HcBFq5d/OqJb5c7frQLtWgXapUORCIg8mWS5lG0ku2zISNXKxXODDiPHdrtb5VvOLLC3fF9yvurl386sKevL+KzeLhVirsRZ4p74NWjycHLEPl5dYW74vx4o8c3PCf8Ad+K5d/OrCf8AdzxT5Fudt7CDWLPRifHhbvi+5X3Vy7+dWFPXl/FZvFwqxV2Is8U98GmOcNyO1GfVpACXbwGvoxwYYy6jPrUZ9ajPqDOmkmxG1epksFzksLMlHTdqJBgvixlHGjx974L2R4rad+oz6iQ4hYkUl/8A0HKVGnznSQNosWMZdunwK0+BUybMDLlCsDufLJTT4FafArEYRAmCbYxsLc4zdPgVp8ChRooHK73C+6uXfzqwp68vLpOuk66TrpOoUblIwo+KuxFndLJqR2l6TrpOtU0P/j+a6j/SdJ10nV1temOClt7+DlPw9zskkjpOuk66i5P9NarrqfGzn4g5CS8Gqa5+g6TqOLgxwCxZ/SqH3UbO4S+RilkdWVoGofq7VZ9MeZ2V0smpHaWBh/kZI5Hu191cu/nVhZ7GHlVzAK5gFcwCuYBXMArmAViUo3wA5uKIa7EOB2xKvoivususOtUMwq8wCuYBWKXse+HVt7+Dm57GJXMAqYEzpUlcLMePnqXYm1eYBV+Y41yK6wCKy6xlpZAE+WKCDJyVRe5j1zAKY4b0231iutUpOVkVA+UCCjiMYiVzAK5gFNeN6bXOaxu9zAKRWuTb7lfdXLv537eKe+DVo8nBzxV2Ivgtvfwc8UeOblD7OFlcuwnZYc8SLO5d/O+DC3jSfBiz0YmeFexLV/8AETMrP4uF7pfdGw5CMUpel4NdLwa6Xg10vBrpeDXS8Gul4NdLwa6Xg5T7NFuBULHw9DjGGbKfBFcAoLpeDXS8Gul4NCw5CCUZsp8EM8KB6Xg0JjQiEOiiacJRdLwahxBwgIHI2HIRilL0vBrpeDXS8GoMEdvCos7hbY9yYNvS8Gul4NQII7eFRSoo5kcgOl4NRo7YoBh9yv8AoV/0K/6Ff9Cv+hX/AEK/6Ff9Cv29z2t2J9xX7cqolEUZnRn5u4hDbnJbvz+MhGDTawjSN2/A17XJ+wMrCt2+2X3G1ErijoZmF20jmu20jmvyQo1+Vb7d7dpHNfkQjRN3kPJJ82ynMejXu3WOVkiWRu1JRWKmbXselL+axa5Y1ctwuGtcUSZT0/LY5Pmm1z2NpFR1Oc1qbUXepz2s2Uqo1Nu83ZvflFTZy6j2NY1RsppGOraiVta9tcsoUWhCI128r2NpHI7LebvK0yLv0sc1RmNGxU9svuCx2EdvPBCVFqA7aLZF7iVUP1JNE2lkqN0IKotQiK8aozvyZQP/ADZSPzJIR1LZvhfQ3b8JahbOAlTnt4e6L5DYlW/0yVA+XGY0n6nizfxOAwwuK1E5OPTNsaQg7h6KUqbwtiQw0cXKqhZS70VVj+iKp38hqZ25KAiOjDSOicy6pHdR6JGaV+9IjMYzfV2/EV0Ht21P9Ctrmx9scIzt3iM5Uo30LvjVNaLd2lQrIw2g4fCZ7dfcORZMlw+Tj1b/AKS1E7iTUP1JNfVPVKg/+am/KeSv4q3/APmykflygPqU7dA+ht3YS1HiDKLejMaM7mZW/wCklOdwSy6UH6Kmu40iOs1V/JaELQoqSPxSo6XD0Uo7lbFVYgWojSzl/JozVSDsjegKpyp+SkvtiV8+RqJs4A6P3cbKX25KZ84VQl2gSp6/k0v4I61BRODtn/JBZB741P2c+yifIb6gej7dfcFjuUnEC06b1RguEjqCFzCmfHC4TjKgnJKcWowXB36PHUjkfy5yVGC4O/kQbSt3X8eNsa2M5yo97d5j0jCcIaNkR1Juubt2JlFC4LXIeIpS7+z5VHiuETeMJpm7vBlomwMfhuV8kSmHs3UVm4kY4qZFe56Pc1HtVqR5Avk6E5dxTj4gnsGzdC1nLHH8hRnNfxKMxSDc0LNwTW8sUbtqRSPdvOTearY4jC+UgbSD2IGQiIkRqccqnj8XY5QSnpsGxBNRvtl+yrBEqqo4gxP3vfEG0jd3kA0wbRps9yv+hX3TZIXHcD/DL7mXJZECpRcDVDL/AIZfcXJkZRjUdsgSR70EEMUk1EMITdqXKCtJsVEXIpRgG4jHtIxrjSQx9yiFGFN5txgvXdrUYSO3DHHHZvo5HNR1EuEQS7AyQSEpXI1KW5wEoZQmbvPuMJi7BlGZqPNKjgoU6Idd2iyQAp8qMLdRbPHVVU9uhR2b4mo0Q0pkqORTN1KDvbvyX505zWN3tSgJ8hXARzqEUkJnkYtwhteo/kvzHKCVxGSBRJkjhaPHq3Mit41JJC4zgUGQGRve3X3E18cQHPgR5LYBltD2NYWOeNBU3GWHBMPZa3OCeVCUU/n0fV37A9Qezi1ev5hUeGCQ8TpkGM6KaoKkk2lUgkgAHw7u5r7cjgegCv5SmW6EJqJcQJBeCXet98Fqw0tRhsbycdoSiZAhjbuw28pdZAORiqUhbjb46gI+FL4lvQ1tjDmcWUa1xGRpC2h6vgDq+dlQfRFlHipKnz2mgQ1A9tnI4kHdjrd4+8yTHjHYlKayt/DbiCZcTj7W9UaFGO19WcjlCYNs8jdKF5yVlZPpmULzkrKyfTM9uvuL76Eddu1EWB+K6XFxRDPeniY1ohoy3/n3ObI3k27KurdtvPVuc10CMt5IxSwxUft5FW5ystBHWqPHPGUt74Y4bBiTdEJK+Soi3t20YQNTdG1h7TDNVpOVzpUev/vn1/8A2rgVgYhlgR10hR2MiLFUUntpNWQw1iqO+rsijQabBDSrX39zp/0Pqx9mWo15jvZsu/5kiHHSFDY3YJjGXx7b2xeECRzA0BzFka7ckGtfkbpTPy78WiPaJivsa7WS1Z+Xfi0R7RMV9iX8Mv26+4MEUgSj0kjfwxIgobFbLghmbqraSr+EEcUZiMW3pz6S6c1rmubo6sVadZg7o8iM4gyNhxeTBwXWhrXq4VqYwqFpURUVFtCjqNbBRycWVHbKFw1tUjZsiRAw2K2uT3Z6y5FsaQymW2gYrXJuq1KkWobyqYUZzIxQts4kExB2vYVpco0Pl5EkyptaqQYfJCUahCvzlwwzGI2MDdO1Gxx6m48gLZACiZZf4RrUG1GRoXLyJRptvFM3XMtW1yLDhcnxqm28Uzdcy1bXIsOFyfG9uv3KdGbIjPq2sIKGFn7cmGQUsUuECTzh5f2Bf9Cv+hX3ppgY5Qj5kNIqKiLmqoxu3mQ0e4NEaKP72vvHTBMlDjHigksShRLWY5gufGghbTb3CVdjXtI1rpMhsUTileEsNSRRWeW5WKG2hmCF7KXOKhmxiPu8VqlAZkgTClmSTHdHG27seypHMIJy8O+fVAmkO8oKuEzkw1bDlPEQnvl95J83Cyt/lZ9XFu5PjkIIT2KOxrsHJHeewJUd6Mgx3wWvlyyTo+9BnoO4RHSgIwLOEETNleJmbIzdQlLKuUdXoySebqDAxuUByvLAmLb2GjW6O5u9J4wqIMUoDmAmLb2GjW6O5u9J4wqIMUoDmAmLb2GjW6O5u9Jt347jcCPRHMVLORUgyKtj5nBe18q5Qt16PR6Nca7hjvey1opzyJpitCN5ACfKQ8+y9g2uMKiDFKA5gJi29ho1ujubvSfdL7y4KgLpCMrxo3eta8WbOPK83CytDkGecG9GEkZQq3fs6JaCtfBC2W5C3eC0phBZvNVHtRamqs2QkK2GUauhTZfKAV4WGtTxH3k2bSjNdSGkQZbZQEdpMChhFGHulGa6kNIgy2ygI7SYFDCKMPdKM11IaRBltlARwXJCu0hsqQyMB5LRHVsJatBEAp4d5KxsRwwfkRQptaqbY6s1klXQE2QUSENduE+rK+Rw0bpMChhFGHulGa6kNIgy2ygI73S+8MAUgas0SH/IhDCzclQATN1RDQQ2MnLaiSCNLyTx8sFiCENhbPDIu9FgR4m2pUQMwaMGNohsHs2oqRYooiPSRDEcoykiDJIGcohmE8fIt5XlgiaEbBshiFJIepAWyBOEETQjYNkMQpJD1IC2QJwgiaEbBshiFJIeRGBKYjWWeGxUclSoEWXsUFrigfvGCM41HocP+Y8UEZqtpzEe17Y0dkUXCqQFsgThBE0I2DZDEKSQ/ul+wvGN9DGMW37+v+hX3u89DIn+DX3a1vyKbxlMjq3TDetMV6ovwL/C1vyKY8vwkeg0pJI/4+lFXmhUmxURVWhlaTbTzsYtCOMnyeRok2tkjX5KqIm3mx0mxyIrpQmbUohmMXYMzHrsc5GNVeaGtPfw273MsoRUKiqskVMex7dtIVvEVj3tEm8kgf8AH0oq80KtqKiKskVMex7dvtF9sneUQSOVXP3A7rpSD4e1UckOl7OhhUjGqLaM7gvFvLRBcBOI5vGaxSN5dWON+WcJCR0/ERqqUCLyolSgqrSPCDYrTBVvLkHTuMj2ZP8AxSmNOm8J6Ecro4E2N3d2L8kK0rlI5AxdicZI/wBZ6PsYYLnbObHUtG8KjKro4VVGKzZDd+W5JaJwUy3mhkEcrkOcayHJxht5hW0mzZtkP3R7Bt3Btb8kSoybzjOKRWIiCZwpKJITdeF5jDKzckbUGJmxu7uxfkhW/JEqMm84zvaL7ZO8pEY+QSpIxtFvSfk+Op3s4LqXs9gfSFSd5W61ZBKkkag1axN1jUmekypDN4LqU7eCiqNzYdB4DGbRLxJBCO/LlNcVeKUTVe1FRtF/BIY85GIJ1FGrY4l4o93eBv8ADK8aSBotRlftejxBe6lYziiaVoybKKwLG1usQSNcKOxNsVqtGtS3N4SIitWhbnGNRtziho35ZgkO9nBfQtqCY1v5sjeVaV3MO3W7iJu7D8Rz94vMbTbvMCqRwuEtGR3LCdxR7u9F27CPV3MO3W7iJu+0X226zfV7xCfSiHuIz5Kipy4k2K5rVbsb+HZW6zfV7hsIiU0I2/Onsa9Er+aaASLtpY4VXaiI1NjhsemxrGspzGOc11KiORUQImrtrgC27UyRjWbaeETvm1jWURjCU0I2rtVGvRU5cLVy5YFNCNnzeMT9lNExlfJUVEAJi7dlDGjE2KiKipy4KaEY121uN3t5zWuTYgBIu2uALbt2IqKnLgpoRjXb7Rf9Cv8AoV/0K/6Ff9Cv+hWtHBWjgrRwVo4K0cFaOCtHBWjgrRwVo4K0cFaOCtHBWjgrRwVo4K0cFaOCtHBWjgrRwVo4K0cFaOCtHBWjgrRwVo4K0cFaOCtHBWjgrRwVo4K0cFaOCtHBWjgrRwVo4K0cFaOCtHBWjgrRwVo4K0cFaOCtHBWjgrRwVo4K0cFaOCtHBWjgrRwVo4K0cFaOCtHBWjgrRwVo4K0cFaOCtHBWjgrRwVo4K0cFaOCtHBWjgrRwVo4K0cFaOCtHBWjgrRwVo4K0cFaOCtHBWjgrRwVo4K0cFaOCtHBWjgrRwVo4K0cFaOCtLAn+hX/Qr+wrkSkezPaiVvIv+UX9jEn9OrF37MpUhscSvKV5nb1uh8NOL9w4g0Vaa8a/L7Cv7GJP6dWLv2UQjBMc+RL5x+/bofFchcnvaNquGURtq5vcjU3mua5qO/eVzWbtK5rN3JXtZu/G17XovwPXYx7hrvMY6lkNGRzWHG9dmayQoqokgTtjcntHsc6K1u4pHbd2myWoioio5EX3y/sYk/p1Yu/ZWIeY3B1HIjHtoHCUI87l2hKs30G+CR+JRDjruKURCNEm1DPp5UaqNGR6rsU34laIqPVW8yiKRjD7XI07noUVcVUYrkMTJzlaiLx1RUST/MepP8x8pSptCvMqnz3kVm8pnspz0QXE5jbQyNK3ei7EYShl4m1UO91I7ealF9ItB9IdFIo2K5ElbEV73tCqjXeYxzXLzBGDe9SHaJ73sI1HlERjHPc2QFr12MerHK+MqxnbAJSOOf5teRpOG7mHOVqvOBUV/H27EeRhWsKRUc0bllDTfcT8hXtdII1tBI/fcJxHqThOdID+Ipdxja3JNfj4aqByvE1XOVJIm7JLttBK5VexxCOfw1ecHzfxfw0rzBcyikc1WMRshNn7C/sYk/p1Yu/ZTxsMNw7hCdBOrLNceXfwauQpBOFRI8tjFUIZBN5YIJjJCOyRSPM8m8RphkN64Mg9wbIPG/NprCcZHh7iQkn+Y9G9aPRGNezd3zR0yK9yOYyQ0iNSpP8AMepP8x8pWxOArtm6+hl4UXa5D8Ny/wBKg7EEKgfJ8mkRVC+mbjmIvDMHbQyIRiOL6RaD6Q6cxHMVFEUKbXP4kVzgqnBHTF/WFUPryK9OWtSfqjtJ3IKJ8hEUXapQ+ydUbZwG0fuI1GcQTmulbODsb9LUkevFo34jAa/6H0nZUH0hV/cWvql1I9AlOVnBC3l9lBcrwlqKv5Lad3o8mfKWWm8RDyEkb/LU36W1M9JlFC0iJTlKDYvxr+xiT+nVi79mU+EybHVh45Y71ZZbhx2cCrl2hKs30GzVPwqgmcNiNKxCjVrhNIxGoIm2niR67zBvau14Pxb7GObTRo8x6aDY7eKNCbqoJ+6rVArsiiR+6qx95KILf3FILf3FookLuVy235KNrh7nAVa4X5HCam61rWD3FKoh8JH00XDc6uCT5oxrRtRhfSLQfSHTk327FA9fk1rEZucuraENBbaaLceRxRcTdUYUa5XFChESuW27aaPdFuCZwx7ixt1VV4trhOKzfGrGx9jkdRBbzhK4e8VhFTea5OF+Twmputa1vDWQq8LdMpCM4jHNcJrhNGoSUNiCbs5fZtpsfcIx9IPYV72D3HlcVnFYrU+SIhhcVqIUau2Vy6r+wv7DkatbjW5/JUpGtTL5LWxE/cRjUVy+1VNu1ETdRE9so/zkJ7Zf9Cv+hX/Qr/oV/wBCv+hX/QyfoSv/xAAC/9oADAMBAAIAAwAAABAMMMMMMMMMMMMMMMMMMMMMMMMMMMMMMMMMMMMMMMMMMMMMMMPwMMMMMMMMMMMMMMMMMMMMMMMMMMMMMMMMMMMMMMMMMMMMMMMPwMMMMMMMMMMMMMNakIN0wMMI0AMg4AoU4UIMMMMMMMMMMMMMPwMMMMMMMMMMMMMN4MGlOMMMMUA0IQgDXbyMIMMMMMMMMMMMMPwMMMMMMMMMMMMMMouFC+YMMNYUOKosL7UDooMMMMMMMMMMMMPwMMMMMMMMMMMMMMz4ACRYMMYMc4wsYUYMcQoMMMMMMMMMMMMPwMMMMMMMMMMMMMPpPIM6wIMNOfrg/kqfSoIMMMMMMMMMMMMMPwMMMMMMMMMMMMMN+8a3yy0JJJGOIOHEIKAIMMMMMMMMMMMMMPwMMMMMMMMMMMMMNNLPPPPOAMMMMMMMMMMMMMMMMMMMMMMMMMPwMMMMMMMMMMMMMMMMMMMMMMMMMMMMMMMMMMMMMMMMMMMMMMMPwAAAAAAAAAAAAAAAAAAAAAAAAAAAAAAAAAAAAAAAAAAAAAAAA4AAAAAAAAAAAAAAAAAADEEEEEEEEEEAAAAAAAAAAAAAAAAAAAIAAAAAAAAAAAAAAAAAADfMgAACax1MEAAAAAAAAAAAAAAAAAAMAAAAAAAAAAAAAAAAABSgkeMkqnfy4EAAAAAAAAAAAAAAAAAAMAAAAAAAAAAAAAAAAAATH/FGMM6254EAAAAAAAAAAAAAAAAAAMAAAAAAAAAAAAAAAAAAAEEEEEEEEEGIAAAAAAAAAAAAAAAAAAMAAAAAAAAAAAAAAAAAAAAAAAAAAAAAAAAAAAAAAAAAAAAAAAAMAAAAAAAAAAAAQwwwwgQygCRgCwCRSAAwwwxwAAAAAAAAAAAAMAAAAAAAAAAABTDzzihzwRxyACQzDgACjjDDwAAAAAAAAAAAAMAAAAAAAAAAABQDzyigiBjzAyQTwDAwijzyjwAAAAAAAAAAAAMAAAAAAAAAAABQDDCChABgQiQwxQhTCCjDCjwAAAAAAAAAAAAMAAAAAAAAAAABQQwwyggQghTygzDhwQSgwwzwAAAAAAAAAAAAMAAAAAAAAAAAAAAAAAASzzwjyhDwATwAAAABAAAAAAAAAAAAAMAAAAAAAAAAABQQiCwxijTijihzAyjRBwAyxwAAAAAAAAAAAAMAAAAAAAAAAABTCgAByixjSiADwATRABCxjCAAAAAAAAAAAAAMAAAAAAAAAAABQhBRhSzygggDzzwDwBwDxRTQAAAAAAAAAAAAMAAAAAAAAAAABDQRjCATSgBTiAgBjQgCjRSjwAAAAAAAAAAAAMAAAAAAAAAAAADyyiRwxgBCtPehwDzDDDCiSgAAAAAAAAAAAAMAAAAAAAAAAABDzzTgAwAgTnPOLggBzRCjygwAAAAAAAAAAAAMAAAAAAAAAAABQDyhQBTwgRLIzXwDwBQCwgDAAAAAAAAAAAAAMAAAAAAAAAAABCTgAwjCSAi0yoHSzyxxTiAggAAAAAAAAAAAAMAAAAAAAAAAAAAigBBjTzyzggzRwBQBQDyAzQAAAAAAAAAAAAMAAAAAAAAAAABSwQTQRgBzhyCwjwzChxSgQhwAAAAAAAAAAAAMAAAAAAAAAAAAAhChSgzyACigSjwBggSzygDQAAAAAAAAAAAAMAAAAAAAAAAAATCiQwhSjCABABDCTBQwwxjQgAAAAAAAAAAAAMAAAAAAAAAAABQxwwwhSwBDRyhhCBTSAhyhyAAAAAAAAAAAAAMAAAAAAAAAAABRDDCChQjBSyiDzCRRwCDwwjwAAAAAAAAAAAAMAAAAAAAAAAABQAwwihzQBzDBzQDAjAQzyyTwAAAAAAAAAAAAMAAAAAAAAAAABQDzyigRiwwgzigAzgBCTjDjQAAAAAAAAAAAAMAAAAAAAAAAABQTzyyghSQyCRwAzhAwDwRiwAAAAAAAAAAAAAMAAAAAAAAAAABTDDDCAgBjCACQTQDjAgDiRiAAAAAAAAAAAAAMAAAAAAAAAAAAAAAAAAAAAAAAAAAAAAAAAAAAAAAAAAAAAAAAMAAAAAAAAAAAAAAAAAAAAAAAAAAAAAAAAAAAAAAAAAAAAAAAAMAAAAAAAAAAAAAAAAAAAAAAAAAAAAAAAAAAAAAAAAAAAAAAAAMAAAAAAAAAAAAAAAAAAAAAAAAAAAAAAAAAAAAAAAAAAAAAAAAMAAAAAAAAAAAAAAAAAAAAAAAfwEwADncDUgQwcAAAAAAAAAAAMAAAAAAAAAAC5m/GUYSWmVPYXrHT8T1kgma11OgAAAAAAAAAAMAAAAAAAAAAC2w3XBYCfzWZcCz2a0s1lx32a7cAAAAAAAAAAAMAAAAAAAAAADDDCAABA8AAAAAAAABCAADDDf8AwAAAAAAAAAAADAAAAAAAAAAAAAAAAAAAAAAAAAAAAAAAAAAAAAAAAAAAAAAAADAAAAAAAAAAAAwwIEgoEwIIUEQMk0QEcM0EosUAAAAAAAAAAADAAAAAAAAAAAQUEwUkAEwc0cUggggEQMc00MkIAAAAAAAAAAADAAAAAAAAAAAAAAAAAAAAAAAAQAAAAAAgAAAAAAAAAAAAAAAADAAAAAAAAAAAAAAAIAIAAAAAAAAAAAAAAAAAAAAAAAAAAAAAADAAAAAAAAAAAAAQUsQ8gMAIAIIIIMcY4o4EEAAAAAAAAAAAAADAAAAAAAAAAAAAAQgoMAE4sgQgQgA0IcIwwAAAAAAAAAAAAAADAAAAAAAAAAAAAAAAQAAAAAAAAAAAAAAAAAAAAAAAAAAAAAAADAAAAAAAAAAAAAIAMAAEAAMAAEAAEIAAAIAMAAAAAAAAAAAAADAAAAAAAAAAAEwow4YscYI04QIkUQsoo0E4AgkcAAAAAAAAAADAAAAAAAAAAQggAwgQAAQgAAgQwQAgQwAAgwgAQAAAAAAAAAADAAAAAAAAAAAAAAAAAAAAAAAAAAAAAAAAAAAAAAAAAAAAAAAADAAAAAAAAAAAAAAAAAAAAAAAAAAAAAAAAAAAAAAAAAAAAAAAAC//AP8A/wD/AP8A/wD/AP8A/wD/AP8A/wD/AP8A/wD/AP8A/wD/AP8A/wD/AP8A/wD/AP8A/wD/AP8A/wD/AP8A/wD/AP8A8wAAAAAAAAAAAAAAAAAAAAAAAAAAAAAAAAAAAAAAAAAAAAAAAAIAAACiWcwAAAAAAAAAAAAAAAAAAAAAAQAAAAAAAAAAAAAAAAAMAAACz32ikSwgwgwABCCgAhAggzwRyABwQQQwgwgQQgwgAAAAMAAACizL6kwBgTjAgAACzgATyjxjjgQxhhhAQChyQiCyygAAAMAAACBCBAAAAAAAAAAAAAAAAACAAAAAAAAAABAAAAAAAAAAAAMAAAAAAAAAAAAAAAAAAAAAAAAAAAAAAAAAAAAAAAAAAAAAAAAMAAAAAAAAAAAAAAAAAAAAAAAAAAAAAAAAAAAAAAAAAAAAAAAALPPPPPPPPPPPPPPPPPPPPPPPPPPPPPPPPPPPPPPPPPPPPPPPc/8A/8QANhEAAAQDBgQEBQQCAwAAAAAAAAECAwQSUxETFTFQkRQhIjIjMEBxBRAzQVEgNEJDUmNicqH/2gAIAQIBAT8A1B7vP2LUXu8/YvPiIxDHIuZjEIsxx0UOOijGIxDYh4tER7/Nx1tqy8McWxXF81yO0ueQccuyCHEOdaBeN3l39wtaG+tYbcvAtxtvvCIhhfY+FuIb61hERDr/AL/Pe7z9i89hHFRfX+RKTf2HxKy5TZ+R8OsuA40TneQ/aRvR+fm4whzvDDDZxb7ZlyEcSG+HsyIPxzLjTyBCnZCMmJ3LzjP+QjTthHTEN+3hw+kn4y4WfhEIiEYJszbE8/w4KXCqYShBeOIe8u2J/Oe7z9i848jEGskRNpnlaIt8rl6R8TmYnWQYfbuGJ3+YfMjjeX5L9DaD458R6DWcNyD7RcO/yB3iIFlsiPmOAcklvwV4uBeRZkIblDw4iUONvk+2VodfffX4RHkE8/hxkgLYXwrDiC8ZoQ7huNksy857vP2LzjyMMsG+4aCD8C6wiczL5qQpJEf5Df1Gff5vxCIeycjMNxaH1yWWBb7aHyYHEIv7gw5ENtuE3YG4ttx+5D76GDIlkHoltkkmRGdobjEOLJFwYbfbW5cWC/Q2t9uwYi2XK5fDD9+iezznu8/YvOPIxBfuw4i/bkWIqE4dBLtDLF4icLbQtuQLbUwsjEO+h9udHy+IfUh5A2w+t6/esK5C3EOXz5n403IPo4pgnUZkIFqe2JcCmzv4hxH9Jh9fE3zn2aEVlASZ2BpcXP1sECbcv33EfVZO0Q79/FvOfkhEfu4fz3u8/YvPimHIR++QEfEv82RFRfEIJFgZfu0SDjU/gLiG1okU0GH1sLnQGH0PonQH2L9bH+kPt3jd3aEQzSG5LAzDyNqbtzDDfDtyBEPIt9dYcIi5uUB+HviYInvohuHcbXPxBmGG7tx9dYIhEMPzoDjF4+w5573efsXn5g4Rg/6BwbFAcGxQHBw9AcGxQHBsUA3DNNHa36t7vP2LUXu8/YhiR0C3GJHQLcYkdAtxiR0C3GJHQLcYkdAtxiR0C3GJHQLcYkdAtxiR0C3GJHQLcYkdAtxiR0C3GJHQLcYkdAtxiR0C3GJHQLcYkdAtxiR0C3GJHQLcYkdAtxiR0C3GJHQLcYkdAtxiR0C3GJHQLcYkdAtxiR0C3GJHQLcYkdAtxiR0C3GJHQLcYkdAtxiR0C3GJHQLcYkdAtxiR0C3GJHQLcYkdAtxiR0C3GJHQLcYkdAtxiR0C3GJHQLcYkdAtxiR0C3GJHQLcYkdAtwqLNZzH6SRQlEolEolEolEol9IWXpJFrX0AmHT+w4R+iOFfojhX6I4V+iG2FrQ74NpkFoNvvaHhThakc5ArL0ZZekZ73v+piRy7Jy5urC3F4/2cRkQ4h9dq7ciILddQd3f/cgtbkxIvsnwvsief3BrvLhls70LV4M55kYjVoJkpC+sFZejLL0iHjZW6Y49ySS6KwLizc7mSHGropDkVeZskOKOSS5ILiFrQ6j8hCjRYaORhbzi+8w86tcvLIKy9GWXpJhMQmITEJiExCYhMQmITEFK9GWWollqJZaiWWollqJZaiWWollqJZaiWWollqJZenY+HREUidBcg5BPNvNMrzMOfDoptE9nqCy9O3FtsQXJ4reHDkc848y99yEFHtvMGp8yIwvvP3P05ZenR8PZcgScR9YLZWhd2tmwxwy7uf1BZenhPiq4du7WzaH46/faeuhx3+kPLQvqs9OWWollqJZaiWWollqJZaiWWollqJZaiWWollqJZaiWWollqJZeoWj5Gki8uzzCy8xAkRIFoF2jlOJQSbUmEInMTIVyBWJTkF9kwJNqDCEr/gFWrsnEiF9o/g0JErEnQJPoiXMKyKYSBHQuQd/UoLQEIkUFdufmFl5iBN0hS/qhX2E6DUDkSkIXIYkk6/yJugLXP1BPYFLyE6JyFpI6gS+hkWlNOO5Jjo8Ed3SFifpIWJnnH8QXWkgvoUO1Bp8wsvRzr9Aha0Az80stRLLUSy1EstRLLUSy1EstRLLUSy1EstRLLUSy1EstRLITLpCZdITLpCZdITLpCZdITLpCZdITLpCZdITLpCZdITLpCZdITLpCZdITLpCZdITLpCZdITLpCZdITLpCZdITLpCZdITLpCZdITLpCZdITLpCZdITLpCZdITLpCZdITLpCZdITLpCZdITLpCZdITLpCZdITLpCZdITLpCZdIFb+P/AHUSy/U+/dhtc6LdKLL9Vx4l58rzx5NJLL9a0TokFx48tp5BCLvSCy1EstRLLUSy1EkEZD//xABDEQABAgMDCQUGBAMHBQAAAAADAAIBBBIFExQRFTFQVWFjk+IjMDNAUyEiMkGCsQYQIEM0oaMWJEJRUlRxRGSDktL/2gAIAQMBAT8A1gX4/pb9tYl+P6W/bvwSjz/8LAgWBlVgpVYID0eXeD8xgeT4FhD+isORDHeJ7Hj9x6u33daGx5PcYiDu0Md58CeA7P2Ewd57jE8B2fsd+X4/pb9u+gjPwsr7iyxj81Z2W+ip7LfphYj+CK/ipX3/AM2EeP4Ec78KF6kovJA6BJGGQL1Ne2aNBUMu8NuUr7JoMFMeOdA7CVvmIE2eJPfVFE6mMOw8Xvj2KPd3h6O+L8f0t+3fQ0wU6y8l0AEb4NYVRBUMRwEvzUBQfZKfoO/+6gUi+iB0AvbhXZvnYvWOZeVXK9xk6F6mPHOpd7CAuHoABgZ78U+MMblemGbfmY/wSo7IMfRDvi/H9Lft30NMEY0ACg9AnhnfR+YJ0E0Qw2RheijkjBH8P8wAef4EcDwMrTAEeCJlcPub5DAR7LxPl3sDfIAXnhlYgy7zRinyjxsrv0QBGDvMquHxYF+VYB8f30cNw+jL3xfj+lv276GmCnf4VS77slal5u/fQrb/ABQazZwsqwGX2aUC1poE9GfbHtYx9qs60gWtK1s0/OCOB4H0v/KQ8M9aIcLQ3AUxj2XIf2siC+4PEb1Nku+xYmE7ADPVggMw90z1UDTO1o7JaiFB4qtl0Ab/AN5HZcStCB/Cn78vx/S37d+AwzhuXp9m/wCgyl5S4fWrY/C5bTnYzTJyAl/Yc3++Vnfhads08DBnkYDDjoejgeB9DkA92w6ASh9afMEeStGPWSBEc9++tPP7gOCsW++vnoExRE6IcZGUXCOetgGeijTDzsgx6Ge7GYffl+P6W/byGLP66xZ/XWLP66xZ/XWLP66xZ/XRJghPj82X4/pb9tYl+P6W/ZZr46zXx1mvjrNfHWa+Os18dZr46zXx1mvjrNfHWa+Os18dZr46zXx1mvjrNfHWa+Os18dZr46zVx1mrjRWauNFZq40VmrjRWauNFZq40VmrjRWauNFZq40VmvjrNfHWa+Os18dZr46zXx1mvjrNfHWa+Os18dZr46zXx1mvjrNfHWa+Os18dZr46zXx1mvjqYlIsLkh/pb9vKVqtVqtVqtVqtVqvykPKVsYz31fsWID6yxAfWWIB66vw+snmZX4yCSv4F76oemeTho8of4Qq8ZXQuz9BXA/gV2N/v3CYNlEX5F+4BUUX73pjO2o3KVY+JPf/aTPJw0eUeGtglhGJgKP3lhm+tFMBd/vK49tV8mAYzInsg9MCxiYKDEzycNHlKFQqFQqFQqFQqFR5SGjWMNGsYaNYw0axho1jDRrGGjWMNGsYaNYw0axho1jDR5c1oBlX0PTJ0JAlNBDtGWI+DPMQ0eXPKkPO+ChyYmBKH/ADU5IvCeDQwih+HDy8NHl32gYc1Fj/CyrFBu7++7FF/E8k20YAvMoMni8RQjCMMsPLw0eXmrNYd9bS5ESyq7PPJ3/i/Nf2Hf/vv6asezpqzg3Jpy+F8vLw0axho1jDRrGGjWMNGsYaNYw0axho1jDRrGGjWMNGsYaNYw0axho1jDR5fLCCAe/ebJ4UNH5DnzmiWApPLk4n6HvYxtb0x7CMrZ+VcP0XjK6O8ho7w5DDZlEOGXegTsziRBNce3L4UcqFaLjEk4XPjRL/SWOmTX+HDDIKKzhWGSKyHjHyI0xdzUmH1rz+Snzvlg1D8XRBGDNgDE7ZyJTackfDRjkmpmSYw9yIoL1SJnwmDyzj30BfNHmHCmZMPqwJ/JHmZYwZMpheNHJ4jlKxHLPnQywfYK7T5uZl3hxAYXRY5Movkg+5aNpUeiJFm5uWbfFBC53ETJuuduOBAqdPOa+0/+2/8AnKjTbowkoXPjqVZdPnMMH2hjdZL1ybPFY44TB7YUveqYiI8gKeeLtbjKoHjLXEtLCylNC97UilJt53nEYN0USOfEyZivh4R/UyaFKtDjYUBiItxl7Qjo95DR3loiIZgKA3or7tRJgGYmSKGSufFUvKmaSzqxeEc381Z4SDhO1/OYLGCbKTLJCS7HtQnvci/vU1PSRoykRCFeaVPgfMB7PxYe2CfOmmmFlQyvbZMkeGiWcwkzJMIG9CEGRWeB8rE0vAPZfKKOBxJ2RJ8hXqBZxXvnmG8Ltbn/AMiBIzTrPnWP8YqcwsywEsyTiEUE+XM+ZtLiy+SCYw+CwTZK6L/SRBllZoJmBvRQl7qORMBMvzu94cl+GGT/ANVAJpUkia5iXJLwFFWcF8MYV4bqJj5ciNLkJaByftRl7pZJx1n4HBdrku+EihIyekn3XZQBky7095ZScnCXN7At2ghMeSraH/qb3J9SFfzM6E0Q3Qhh+e/vIaPJjs+TGS8YH2+QNJS0y6owkxjBsoZ3sNGsYaNYw0axho1jDRrGGjWMNGsYaNYw0axho1jDRrGGjWMNGsYRh/msTaezW87pWJtPZred0rE2ns1vO6VibT2a3ndKxNp7NbzulYm09mt53SsTaezW87pWJtPZred0rE2ns1vO6VibT2a3ndKxNp7NbzulYm09mt53SsTaezW87pWJtPZred0rE2ns1vO6VibT2a3ndKxNp7NbzulYm09mt53SsTaezW87pWJtPZred0rE2ns1vO6VibT2a3ndKxNp7NbzulYm09mt53SsTaezW87pWJtPZred0rE2ns1vO6VibT2a3ndKxNp7NbzulYm09mt53SsTaezW87pWJtPZred0rE2ns1vO6VibT2a3ndKxNp7NbzulYm09mt53SsTaezW87pWJtPZred0rE2ns1vO6VibT2a3ndKxNp7NbzulYm09mt53SsTaezW87pWJtPZred0rE2ns1vO6VibT2a3ndKxNp7NbzulYm09mt5vSpqYnr322f7aW/4t2sYfqti3wWW+A4BvTRVnnPNSwTGBcxj8tVQ0fqZ+Ha7XNNHNfBXshDcjWk9lrgkLuFyUEY5dUw0frnZVk3LGA/5o1giZbIJO+PclBpVnSDLOBcsNEv/OqIaO4yQ06pho1jDRrGCq3Krcqtyq3Krcqtyq3Krcqtyq3Krcqtyq3Krcqtyq3Krcqtyq3Krcqtyq3Krcqtyq3Krcqtyq3Krcqtyq3Krcqtyq3Krcqtyq3Krcqtyq3Krcqtyq3Krcqtyq3KrcqtymSxgWPs+UF//8QASxAAAQIDAwYJCgQEBAYDAQAAAQACAxESEBQhBBMiMWORMkFRYWKSk7GyICNCUFJxcnOBojOho9EwQ2DBBUBkgiRTcICQwhVEg/H/2gAIAQEACD8C/wC6GGybuIAI0s+qz0Pcs9D3LPQ9yz0Pcs9D3LPQ9yDWv+FFsiNYP9LswGtzlDb7zyokD3rOs3rOt6yBTnSWdb1lnW9ax3D4nKJwh5QiwdIDDSWchLOQlEezS9nmRiQqQyqWNjHAGRMyojmmrkshS1TxUWWIwlZDczRlwlEcCZAzFsJmHG44BGNCT2Tb7TbIbm6Mp1LOQt5Rhzbx0n116UXSK9I4NCiRC42/F4ltLYT/AHt4kzjQ1s8oFmEhqUbWHSTC2lruRRZaM9S/03/rZ0HLousdridwTdcPwmzotXQbZxcfuCazmYxaG5RG0v70zCHE1LohQ6aaZqKyTgJ4JuAcKvXPI0BbLyPi8S2nkcjmroeXtF0rHelBaPyWeipsR5MuNdFyb6RkmekBDanejOG5O9EyXRaug2zoLkh2bQDrLkiLohGK5plLBF+vW5yA0cAPp655gtj/AHsiiYh6grvD6oTRID6J7AffirtD6oTOCQCLPgWzd5e0XSsBkbt/ZXmJ1inxXOFLsCV0XI+jg1RnDR6UlBcNLiqTfT0XLotXQbZ/zG0po1CTllJ82oWiBrav9xXRChvIkGlcomOZyc2ThMEc49c8wUKC5wzcpgK6RdyiwnNnKU/JhQXPGblMK6RdyiwnMnRrWzd5cWM1pznGUwgtLuKzPsqzEpT5rIjg0UnWoURrtepXhlQbU7HjTtbjNDBzZEe8GYV4h1FtQx1FRYjWzlrUNwcKBqsGBBWUml3tcRX/AA28IRBLVo6gmxJapj2lFiBujxqG4OFA1KIZQn96gRmF+pwn655h/D2bv8yXktbMAE4AH17zBQoz2jNzICvUXeosZz5SlPyX8CQxt2bvKiQmjQEyXlQnD/8AOIiamnglO4AxcoDaW6nLKIc6+AZlQWyhH8im8aEDTdg3SKiwZuzh5VCbKG8WRYM4lOlpFNEg2I4AKJCbwBMl5X/D9qslLJk6VD6lFhVOrPKvQPBKjMqk0S1qIA2AJ4E9FDNz+YVFhtaOdxWTGHnMNTyfXPMFsf72RDIP41eIfWCa6YTnSWdbvTdWAUTgd1jRiYZ8qGyp5hQ5BGHQGvmZr0sSn+l4Wr0jMLUQfcQQonClS/8AdRpB/wD6hejqb9FtT3BDhMx+rV6LdJ30Q/lhn5zW2f3qG2p5hQ8FdXqLDpJ1TW0coQGc1j38i6IXOFtG966Z9dDjaFsvI+LxLpeREOjxHksgDH0m+S0TphQ02HDBTnzfEdrKgODcA36J0VrmuXoxNJDU/Rch/Md3WbU9wR4zUE/VMy+EJ2tzmrbP700TLYUNXeFvT2NFM1tHJ/Aifk5N4MVo3rnC2je9dM+uvShaJWpw4JUSGW2/F4l0vJiHDiNkAY+k3yK2/hw+Ox7ho4NUCO5rGyGiry88oJTHtLmyePcVtGprgcTYXgedK9lxnzgqC1+lrqTnAcBbZ6ixGyMNk8VX+ooDsZmelNF7Z1myI8ZxmBQPIj/zB3prwdL1033OaoTveORO1LNM6qzTdyGpObNZlm5Zlu5Zlu5Zlu5Zlu63Jxj6Tf6UhuLSjQ/3j9ld4e9XeHvV3h71d4e9XeHvV3h71d4e9XeHvV3h71d4e9XeHvV3h71mmsJ10/8Aiibk8QycRPDiw5VdYn5K6xPyV1ifkrrE/JXWJ+SusT8ldYn5K6xPyV1ifkrrE/JXWJ+SusX8ldYn5K6xPyV1ifkrrE/JXWJ+SusT8ldYn5IwnsJaTpcg/wD7/Ru2i+M/xKZyxkmtlSn16J4LudBktEOGPKqZTa47jSs3gNY+skIZ83PDjwU3EmRmTPWtjF72/wBG7aL4yhk0SI7or/4vKeqnZK8K7vV3eru9Xd6u71d3q7vV3es2aRUKUzJHA0tbr4gs06GYmslMni2WueChNAdKSp0Hzq+qAHnOF3JhJnrxmtjF72/0btovjKqI93y02KS1p9gKJ5uMQoeVNfFqAoX/AMg28eynPzboY96hZYx8Vutqg5W2JEhzqajlIhio8SgRxGhcaz7NHEPlwuOS+JOhtdp8bVCaGvxm0KAdbdPGWCvQzg4k51T2zl9MQvbLZL/mOWxi97f6N20Xxlc3/omshyaeNRXamOkjrqiSWOcEaZ/dDigtmtktmm4+dTuC4YLp/uviTY9NJUaPUOQKEaGFqzuceRompbRAYVaPuK9loC2MXvb/AEbtovjKyeFPk6qfk2LioeT4yWYcH11TBCzAn7WCZA0n65yUPJ9baVCyfhNTMmOer5iJJ8CTfZEk3JxTj+adD84ZyCiw6SXWRRiNR5Eanz9pQ3PIdylPheazg3Ns2MXvb/Ru2i+M/wCU2MXvb/Rt2cfORDOpvpOmro/rN/dXN/Wb+6ub+s391c39Zv7q5v6zf3Vzf1m/urm/rN/dXN/Wb+6ub+s391c39Zv7q5v6zf3Vzf1m/urm/rN/dXR/Wb+6uj+s391dH9Zv7q5v6zf3V0f1m/uro/rN/dGDQGseNfLI/wDbG7LILTxisK/5P2rVf8n7Vqv+T9q1X/J+1ar/AJP2rVf8n7Vqv+T9q1X/ACftWq/5P2rbIuUQ2O5HODVf8n7Vqv8Ak/atV/yftWqFlEOI/ka4HyHEASxPJJX/ACftWq/5P2rVDymG93I14NsaNDhz9pwE03LIJPJWLYjw1o1uJkFf8n7Vqa6bSMCOdRo0OHP2nATV+gT5M4LYjw1o4yZK/wCT9q1X/J+1ar/k/atV/wAn7Vqv+T9q1X/J+1ar/k/atV/yftWq/wCT9q1QsohxH8jXA+s9vE7/AOHsR5GxPkbB/dbsnW/NW3h99vOzvs2DO5fNW1b32/B4h/C2J9Z7eJ3qNPRaqInWVETrKiJ1lRE6yoidZUROsoIdPOU27EJ/Be+RVETrKiJ1lAqnTTibKofVUYt0SJLYP7rItVTpqDVVKWJsaWSa8jgrL/5MqaNHhpldTXVDGyEW0yCysgwn+yJKiJ1k3U1obuXzVtW99vweIWOD6nwmuVETrKiJ1lRE6yoidZUROsqInWUPgsfILYn1nt4netmLL59jlfPscr59jlfPscoRm12orai2BBm3NynNZRBohQn1OdMK+fY5QXzYfoo76WzlOX7K+fY6yPFpLi2SZlU3OhPA0TZ8fiKjxKWzlOR/sr59jlCyfzcRxc3SHGo8KmqmSfg1oJPuCvn2OWRw87BcMDOnxKNk8myd6TTZEynSbgdEr/D/AD2aqr9DhfEjkmAeDwm2/B4hZsIayiLRVqwP9lfPscr59jlfPscoOU1PdqFLrNotifWe3id62Y8roLajyNkbPj8RW1HlfH4itqLNjD8Nmwf3WdJ1u3id6+V5HweIWbBncum7yPmeE2bRbE+s9vE71sx5XQW1FsLKIkMZrENcQo2UxHw3xAHNc4kFXDJ+yaobA1o4gJKLCY8cjhNXDJ+ybZFgw34t4TalcMn7JquGT9k1ZPGfChtokxhpHBWVRHRmUHRiGtXDJ+yagJDACXMoMZ8OecnSZJ2WRiOQvNnSda7I4JPLQFBgw4c/ZaBNDA5txG5X6P2jlFiOec76WK+DxCzYM7l03eR8zwmzaLYn1nt4netmPK6C2otvFFLaZUoZXOh05Zu3NVzfTrkrj+pZ0mW3umripWcz/oU8FXH9RXH9RfgXf/8ASdSv36av36azOdoxqnTwldKauOqduYzmcq9Kngq5yzuj+J7Sv36azucm+qa+DxCzYM7l03eR8zwmzaLYn1nt4netmLMy7csy7csy7csy7cpY0rajyw3+csy7csy7cnCWLUdSzrOss6zrIOafOizNO3Jw/wCWjqWdZ1kORqPI7wrOs6yngvmrat77fg8Qs2DO5NbPTcsy7csy7csy7ci0jh+E2bRbE+s9vE71sx5e1H8PYP7vJ2MPw2bB/d5OwZ3L5q2re+34PELNgzu8vaLYn1nt4neoTWmoS0lmcn3OWZyfc5ZnJ9zlmcn3OWZyfc5ZnJ9zlEZDDaqtG2Exhbm6tJOhwqXvlqshw4VLZaworIYbm6tGzNwVFa0US4K2D+6x74tTp8EqE6JOuWlZsYfhUJrNOqdSishhkdwhOLQZ6azsfeFDJpAGtRCaTPUs7H3hQmQyyA4wmkgzlDWV6OY4Ob6SZEi1Q9ICazOT7nKKGzzlIpXweIWNhQpMaG6iszk+5yzOT7nLM5Pucszk+5yzOT7nLM5PucniTnmeC2J9ZsyXRdFcRpNVz+5quf3NVz+5quf3NVz+5quf3NVz+5quf3NVz+5tmxCiGTGxASr59jlCdUw0+FR4lLTDkr59jrI8WkuLZKDlFUWKwsY2l3Ccrn9zVlcWiKzhNkXKBHqfnJypIs2MPwqBCqpqmo2T0w4TxEeahg1qvn2OUJ1TJDFfM8NjMl0XRXEaTV/iHms7TTx8FNyrSLHDgus/1DvCFCbU80yH+5XP7mq5/c1XP7mq5/c1XP7mq5/c1XP7mq5/c1XP7mrKINLc1LWPX2xH8Dbw++z5fhFuxh+GzYP7rfmeG35tv+od4R6+ZlkYNbGeAA8qNlESJKGJBzibL/lHaOV/yjtHKJlUVzNLAuJ9GyHlcVrQ7UHkK/5R2jlf8o7Ryv8AlHaOWVMz7xEkHRBUrhA7MK4QOzChtDWimQHw+RGgsiYt4QmmZFCB5aRZ8vwi3Yw/DY4TBwIVwgdmFcIHZhZNCZCiCmT2aLlf8o7Ryc6ZMFhJ94UaDDiU6qmzkrhA7MK4QOzChQmsHI0SUN5a4UyI+JX/ACjtHJzpkwWEn3i2/wCUdo5RornnPa3KG8tcKZEfEr/lHaOV/wAo7Ryi5REeBB9JxPrPbxO9PY5wc2WCusSxkZjZOpkU6NDIbOxsZgDyrzCV5hWbZEcBtRV1iKFFbDZG9F2vR0U+Kx03UyFsSG51ckMneC9zW2fL8ITHhppJmVeYSdAiEwtDqq6xN6GTvBe5rbWOAcZa1eYSfAeXQJQyR0EyG5tFOtH0Wkq6xExpbJ1MimGRfLX75q8wk+A8ugShkjoJkJzKbLzCUdhiOd5ybEyC8OdLXY2OyTwnxmOFFPrPbxO/yNqfL2y2Rs+PxFbUeRt4ffZ8vwhbJ1m2f32beH3+Tt4nevlLZus/1DvCLdvE710BbsRb0PWm3id62Yt2p8jai3bLZG3Ymzns28Pv8r5q28Pvt52d9mwZ3L5q2re/yum63an1vt4netmLM7H3hQnOILqtJMAqbTr5zJZnJ9zk8Cp4mZKIXAB1U2rOx94shshyqq0pp0OFS8SOFuxNmdjLOx94TIsWbHBwxthhpNYGkszk+5yzOT7nLK9HMcHN9JQnxa4DTEbM4aCzOT7nLM5Puco7GNhxNdHC0VnY+8KEyGWQHGE0kGcoayvRzHBzfSTXxptx1iyEyGW0VaSiQ4VLp6hb03WZ2PvChOcQXVaSYBU2nXzmSzOT7nLM5PucorIYbm6tH1nt4neo8SmbFfh1X2/B4hZEymTmjHRKvw6r1fh1Xq5nrBXM9YKJkxDW4kzFuxNl9HVcoEaqnWnGTWgk+4K/DqvV+HVeoEep2cBsbkpLSJ6wo8KiumSaJudCe0D3hXM9YK5nrBZXDzcJs5uV+HVemcF0V7gfeV8q2BBqbm5LKoWbhMnU5X4dV6Y6bXCY+q6brY8akkTWSxc5GfKluKuZ6wURsnNwK2J9Z7eJ3+T8HiHl7I27E2c66TFsH93k7GH4fJ52d9vyvI+DxCzYM7l03W7EL5nhNm0WxPrN2SgucZnEqBBoJdZe3KNEqdnFFZU06wrmN5VzG8q5jeVcxvKvblGiVOEVRGzY/AhXMbyoTaWCnuWxNnOoEaietPyolrhIiyLk4c81eJXMbyrmN5UPKXCGx5a0czVHi100S8iKyppVzG8pvBbFe0fQr5SGBENxH0V7co76nZ2U18HiFjMqIa0SAUeMXgWXtyy5udiZykEqDkwY8e+zaLYn1ptDbFbEnnKtFMZFqdyix8OLU3kAWaj7gs1H3CyK2JOurBZqPuCzUfcFAcxsOLxP16Oior4dNFOjZz2NaGs9pyvv6arqonj7zO2HlDdJ05OUVzNOmVKPBY1ztyzUfcFCBAJ47dvE718pN1uYQPqs9k+9yils85UKUyVT6ZT5jNZ7J97lnsn3uWeyfe5Z7J97rNqVEDqGynL3yWaj7goL4ebjaTapzUV8OminR9abQ+R8zwmzp+X8fiNvOnfht0nINx9FqkxPppcoeusNWjuWUNAnqdZsH91nSdbt4nevlfwtqV8HiFnQ9abeJ3/wNibdiFtW+XyMamDEp4FLSoWvOAqI0S5jYdZaENVRs6TvJ2brfmeE2beJ3roDyPmeE+tnR4k3uqWfirPxVn4qhucQYdWKeZNfPH3Caz8VNJIYZYpjWum2mRV2hK7QlEY1sm06K2rbYbWu06TUrtCV2hKKxopplSoUKbaQokKltJthibiQruUfZCzzy5rHvsZChkDlToUMA1eQfSa4b1n4qhucRRVivmeE2OjxJvdUoUV7qhx2Z+Ks/FTIsQlvLY2DDIY5RYbABDq9ZuyyECMJFwUHKGP5ZGdl/g9YKDFa9ua1hfM8Js6agw3Pd0RNXGP1CrjH6hUaE5h5DgnGTREEyr/B6wV/g9YLJHiO8RKi2HpK4x+oVcY/UKjQXMnm5TToZJkmMcDKdrtQ/vaMqhl+aiCmq35nhsdlkIEYSLgoMdr5a5GcrdiF8zwm2NGbDB5TJX+D1gr/AAesFCiteOVpnbDySI4OiYENUaA+G0wuP1nt4netmPI+Z4TZ01sTbsR5GxNvQC6DURhiCmk1OT9SZjNO/DQOBURsiXTHuNvzPDZt4nevlW7EL5nhNvTdbtT63fks3uxJqcsgbmXRDJ3peJXz7W2R4NTs5KcyoWTUvbx1Osi5LN7tZqcshbmohfRPhK+fa2yPArdTLhEdyuf3uVz+9ygtpY2nwrYm3j1KE2chJwUlzldMWuxh9yd72OCijHiPKo2TVPJONTlkkHNxmESdMu71fPtanum5xmT718pNwIhuP1kr59rVHfU6Ul8zwmxmU6LYrwNFqy/zwhtBb6PhVz+9yuf3uWQuzUJzK5cLxKNlE2OqnotGpvreC5mg6ZqWeyfe6zam18OLU3kAWTVNe3zk4iz2T73LNR9wWaj7gs1H3BZqPuChh1LqdfMJKK1xaYdOis1H3CyMx+nPgp2cZ8QV6yfrBQqHDic2SIVATspycc1bVe8m67U3LIHuDwov+08YUcOdEZjNiycPbEie2BSKVnsn3uWeyfe5ZXpZ/g5vopkOLVE0ZyCz2T73KI5pNNWivmeE2CJCk97na1lelnsAIazUfcFmo+4LJS1rGjN+cUSJCpbPUbIkOLUwy1KEyICG1Td632pt6a2J/g8y6Lrfj8Rt2z++zbw++zmavmeG35q2re+zYhfM8Jt6brdqbdotifWYcfx4neif5Yt2pt6aBVZ3rNN3LNN3Kj+U6yls9PxFAfzhZWd6JX+oh96zTdyAkFtQqzvVI/BZPcs03cqG/gRO5VnfZ8zw2/NW1b32bEL5nhNvTdZmm7kBJfB4gqzvs2J9Z7eJ3rNV1CSuQ6yvv2KjP1edq4KuQ6yuQ6ypprM5IxaJMq1TV9+xXMdZXMdZXcQ8/oVVcqvv2KuqieP1mtqPI15uI124q5DrK5DrK7UaU51WbGH4bNg/utoqpngrkOspSL4bXS+ILPZuirinwkMs4JnwLNiF8zwmy5g5t5bOpSzGZ/3q+/ZZd65sqnUszms96U6uDpK+/Yr79ivFdTKZUy9ZsyKKWmM8ghhVxj9m5XGP2brNiFDYXOPEFcY/ZuT2lrhrBElFitYM1rcr/k/atVxj9m5XGP2blGyaJDhsiAuc5pACv+T9q1X/ACftWrJXtjPEUGmEasJFXGP2blcY/ZuUaC+HP2mkJom46grjH7NyiMLXDiOtQoTnnoiauMfs3J+VwmubCaHAvHIoMZkSWul05LYP7rIeSxXt5WsJVxj9m5XGP2bkcCILMPcFGjQ4c/acBNX2B7s4LIUB7xmtbWrKIL4UNtc3vFI4Kv8Ak/atULJIzmPivLXBhMwSsrGYqaJZzRV/yftWq/5P2rVkjHR2CFTVDFSi5LFa3Sxcwj0bH5ZBaeMF4wULKIcR/I1wPrfYhfM8Js6fk7I27E29Fy28Pvs+X4Qtk6zbP718pbB/dZ0neR81bVvfb8HiFmwZ3Lput2pt2i2J9aQIlNRV8+1qvn2tUd9TgJapL5nhNkXJZvdrNTlc/vcrn97rIEalph1KJlM2u1iltsB9LiJapq+fa1Xz7WrLxns1IM9HwqHksnNxBqdZ8vwhbJ1jskm44nScsnhUVa8SdXvWwiWdJ1rMp0WxXgaLV/iHns1TR6HC+FQ8mk+G0uBqdxK+fa1R3VOzklGZNh+iuf3uTMGtAA9wUeFXTqEyO5XP73K5/e5ZC7NQnMrlwvEr59rVfPtaohm52JWxPrN+crY6ngrIuFCm51WC811rINNNVOJWUyzULXT0tFed3Lzu5ed3Lzu6zYi2HRS5ea6y811l5rrKNTN0tRth0UmlRaaaCNfkM4T4T2j/AHBea6yicOZUWdLZal53coNGbjOMRuPE5RqdKlbN1kaqecqXndy87uXndy87uXndy87uWRyzbW0aSiUUtsZm6XCY0lGppzdPrPbxO9bMW7Ur4PEPK2It+PxH+Pzs77Ngzus2bv4O1K+DxCzoetDkcEnloCg5PDhnotAsuUDswoUJrByNEk+GHNPERgrlA7MK5QOzCuUDswrlA7MWbEW/H4jbfo/aFX6P2hV+j9oVfo/aFPcXONUz/uUKI5rs6MWq/R+0KJmTCYZ+8KFGeyec4JknZXFIMaGCC82Q8pitbJuAcQo8V0WFpaDzUFcoHZhNAAkJDkUKM9k85wTJHLI3XNkWBDec76TQVcoHZhXKB2YVygdmFBgMZN7uCALdqV8HiFnQ9aHIpmG9zfxFcf1Fcf1Fcf1Fcf1Fcf1Fcf1Fcf1Fcf1Fcf1LNiFVKtwE1fv01mM7mfTqp4Wkrj+orj+or9+ms9nK1OWce1u8q/fprMZ3M+nVTwtJXajTqnVOy5cFoH4izGbzc/SqUp5t7Xbirj+os9mqsKZVcFXqqniplbn6M3V6NWtX3gtLvw7P9Q7whUVUSw95krj+oqZVw2u6wXTdZfv01na5vq1SVdNUsfcZq/fpqqqhsp+tNvE71Bgvf8ImrjH7NyuMfs3K4x+zcrjH7NyuMfs3K4x+zcouTxGN5XNIt2ITnSaIomVf8n7VqyeC+LDNMnsaXDgq4x+zcrjH7Nyv2T9oFBjQ4kg6dJmnHREZhO9X/J+1aobmuaaZEfCoUJzz0RNXGP2bkRIjA2NE3HUFcY/ZuUSGWuqdgVEeGtGtxMgr/k/atTXTaRgRzqNGhw5+04CaGWwC4w3CQiCz/UO8IUNhc80yA+JXGP2bkcCILMPcF03WX/J+1ar/AJP2rUzK4LncjXg2PyyC08YLxgoWUQ4j+RrgfWe3id62Y8vai3Yi34/Ebefydk6zbP77NvD77ednfZsGdy+bb/qHeEeR03eR8zwmzaLYn1nt4netmLM4zqLOM6izjOos4zqJ5m5zcVtRbHaag2nArNv6yzb+soQNLeW3nUcHRLZYrNv6yzb+ss2/rLIsIlVGlpa1nGdRO1uJO+zbw++yE4UgBZW4GE+c5CRwCzb+soL25uC4w26I9FZQ4GnVIStgPAbVPVNZxnUWcZ1FnGdRR3A04iQlbGa4uzklkocIsKUpmfMs4zqKIZucZlbE+s9vE71sx5XQW1FsePQ4ieonuUPKpvdqFLrIuU0vbxUuUCPU6U+CbLp9zVHh01FvkbUW5PDqp1/VPybRbFYTpNsg5PUwgSNTVGyeTZO9Jps28TvWTw6qdf1Vz+5quf3NUdlLpTtZk02uEwamrKIVIOrG2PGpdnZykoWU1PNMhS63Yn1nt4netmPK6C2ot2IW1bZ8vwhbE+XtRb8rytvE718q3Yi3YM7l03eXsT6z28TvWzHldBbUW7EJrpEcYV+j9o5R4LI0V1VT3tqcdJZKwQXmKBVD0eIq/R+0cr9H7Ryv0ftHJ+WxS0xmAgvNkLKorW6ODXkeiouUxHt5HPJsdkcAkwmzJYFBgw4c/ZaBPyIby1024hX6P2jlEyWE574LHOcWA6wsk8xVVVmtHUjlsYgvbMGIbIuTQ3mUpuYCrhk/ZNVwyfsmqFlcZrGRXhrQ8iQBWVnP0tFOd0lcMn7JquGT9k1QoTYYzOpqiNa5pqmD8KuGT9k1XDJ+yaoWTw2HVNrQ31nt4netmLL9+mr9+mr9+mr9+mqqqBrW1Ft4opbTKlX79NX79NZjO5n06qeFpKjMU+cq4Sv36av36az2crW3h99l7pq4qVfv01fv01c6sz5urOeysxRm6fSq123WqUsalmc1nPSnVwcVfv01VOiG1m5fNW1b320VUSw95krj+or1Tn/O00z4Sz9dTZcGVt4okymVM1eqqZ4UettvE7059PmwrxC64V4hdcK8QuuFeIXXCvELrhXiF1wmxGu89a6I1vvICzzCeKThY2E48HwqLoDM+krxC64V4hdcJsQO0XLbw++1zw0c+CvELrhNhPIMVxnTzpzXN/DU8ArxC64UJtTaW4txTobgJP8ADYY8MH4kxwP4i2je9XiF1wmvDhzICZ0fEsxE6pWwh+FOiBn1A71eIXXCvELrhNeHe4pzqQrxC64QII5vWm3id/8AD2IW1bbtR5G3h99u1Fmxh+GzYP7rOk63bxO/yP8AUO8I8jput2pXweIWdD1o6LFm91WtZ2PvCzsfeFnY+8LOx94Wdj7ws7H3hZ2PvCzsfeFnY+8WRHxA4Np0Ux8WphnrtiFwAdVorOx94Wdj7ws7H3hMixZscHDG2IXBtVWis7H3hA8BoaJ82GNj9T2Fp+qzsfeFDLi0EnG10WLN7qtazsfeFnY+8LOx94UJzi0uq0vIiOcAwzFKzsfeFnY+8KE5xBdVpKJOl0tW9Z2PvCadFokP/KiTr1f1BxKv0sOfyIjyyfBkmRnD+A4yQMx5LTMfwGn1gIgTUDNBwPusrBsqx5LA6xyhwBLnUeHTPUVyBNhNUaFIctocEyJ9Qr25OyjBpmJ2Vt32cjrC8BAomwul70Sp4cq0XfmhldPIE+JPnKDguJAzCGUljZp0cuTnSQM7KhPkV7o5le3bk2JUJ+r3OMuTiVQH+5ci510lEcQ30RyoNkUdbcFzWc9no6zZyYo+wQudekV0RZzr2XL0ay1cpVRHKqFPReukg6WGtGbveoX1C5guiude7vR1Fqh8ACVjjhyKHgWrlYveukE0TNKe4udxpmo6xZzIjzhwapcWkofB9Xl2g3iWbXOuddJH0W4Wc65W2c9nFqNn0R9gpxcnt0vRNvOuUd64xpLoKcmk4oE/Vchmukm65BVEmS5wuiFzLnXu710PJ6BXOukFyMXGdZXPZzI+zguiV0j6vhPpcorwfcjLFE4OKJ4Rmp4SsdxpjqXBRo2jyDjRljY5NjT5GyxUZ9XMuZHWmGTwjrsdLFTEuMWEiUsEUI4l7k41PQ5Zo8ihRsOQqNEqkjqKhxhTxTVc3TxJQ1lOxwkoUXDnUR9TrBrKPIoESQPEVHiVS4lyhF7aE4y50coFMtabwRgmmT26inxhShqHrybsUC6f7/59wwWKaJD/AKK1abBMj+oHNNIQrzhhTPsy/p/KIzoYnhSoeUxXN+NQYz3xQ2TpqJEDRzlXpv5oGYNsQyaNf1wTTMOEwVFfKoyCe8BvKUMpFW6y8ipRXSbqQ1SnY/KADvUKK1yJ1caOUt92KhxA4cxRygT3qG8OCiRgFCjtLrIsUNmnxmtLtSz0frqJlUdrdWtB2iGiVjYgnD4fMr01A2OdIcqvTfzUMOdIYuHBTH6TOENUk6OA4IFMdN0PhIxniKxuIas9H66gRnxOJ1SD/OATlZCfOk4+r4zA5o1TUOTYkUzZzKimLDOmsoIqIkA4rMQ6TxtA/snOmIeLFnv+G9mz4fEtmFtCooqo1DiQgNaWtmCBJT06XMBWUwwyM041NTdRe0rZt7rBk7T7xNQG06UnBM4NQLlCZCPKHAVJrKWv1yQydn1xTOAWzkjBDnuxJcocMMiM0ptwT8S1uP0WUgPc50gOJNZ6JkidRIW0C6LbHu82IjiRy4psBo0cDJE8FxaE6CIulwnOUfU3FeZ6qgGcBwXox2p8Fon6Q1p2uE9dM962dm0Wzs2nq/aqeCCyjFpYKE3BrRIJvB1AqePJZ9V0FObg6Zs2Tu5N4QrIT2tiRHONRdihLhgAKWpgFgM0MXveuQINzbuVqiRK80ZB1mz/APVTROtpaPeVxxGu+5anMditk/uU9NrjML2oi5h+VnTPeuYraHuUbzT5ylrRdKG92KGSw/q0JrQ0ZviTNcJ6J0KKkR+I9dM96PpsEk80tC2gR9NgknmloW0Hq+IJgpn+IxWwvZTPqTrT5tcNTgon+IxXM9lQxILO/wC38rDjMSKgZdFhtPEmxDWHVF2smycqmkb1VVrxWT5VEgk+yo0d8Z41VWwMuiwm+ynPMSL7RRe5uozaj/icajkTJ85PHZndbZUqHlMSFE5Qssy0xPZrdIIHDiUGO6C/lanZQ59U9I68VnS2I3+Y1RspdGLdVVudnnXTkuZZyqbpzRhMnyyUTi1OR/xUvl/LmhlIqpxho4VDWouVxIjG+gmiTRxLOTzp1ck1VQ9upwWUZW+MBxFVzrdNVUPbqcFlGVvjAcRVc63T/onN1PAJb71EEnYz/iZLAnrrbqUaHm6myp/7AIk/OajxLPQ+ugZg8nkFwA51nofXTKX510jJ39MEOreMORRYYdJNyY1Q9cyUXUQxgF5zcmOm06iogJAT2EwzDDiOPlTYBq1ydNMyc53hYE4f5PJmgxT9qiOhxWDhAJhwIWRME28N5USLCezjUBoL+IOWehe5R4dMZln8x3BCium6oj130LYvnYZwbDTmTbJHGl66QTjg2C2e5cFsqGKNKIcoxERNiUGc0XTLRKfLKz/60b7Sn/gw/wAJQfxoKyfXF/F6IVOhJZRi+F+H0go340X8gs6zrImbHLKMXwvw+kFG/Gi/kFnWdZEzY5ZRi+F+H0go340X8guR0kdRBG9ew4yWTwcS6boj1lFESEcJtQOBAknQohLU4t08A0Gck/BoWUew4Qm+y1dNyzrOsiZscsoxfC/D6QUb8aL+Q9bv4EpKsUynPiQ4LjgujY46dan5wkYLjuo7lPgYEJstBRHho50HCR1WQ+C01RXKL+JC4POF6RwY3nUXFkX8XolTw5VC4EL8LpFekOEOdXf7imClg51C4EL8LpFekOEOdXf7imClg51C4EL8LpFekOEOdP4MbEFEjUZDnTv5uKiYODzJT03nAKIQKWNniqhJQPw6NKWpQ4NcJuMpo5HDDaD6SMIZmbtJXf7imClg51C4EL8LpFekOEOf1vFbNqnE901DYGtHEn1VDjaUDMNEsdajVMiDCpZCxz4jzi73L2WgKTmE+yVDbjylROIzTdQEgpy50yc3YlxxKJc17NRCdUaOCOIJ+IIWdi0+/GXImYNCZUC/hDiNhc4A8YTMGhMqBfwhxGwucAeMJmDQmVAv4Q4iorJ8iIc7mcbHs0uVutSLnDUXGaiNm1TeoTJCziIkfqFDnTz2FzgDxhMwaEyoF/CHEfXjoTT8QmmQ2t9wl/09loy/qC7/AHJzZCXLYwF7TyuT2UnyAMVd/uToch75+SSsQTxkI6lJ0uVAzBsCOJ5AtR5CiVItPOjqUnfEgtdms8y1HkKJkFJ0uWSIn7lRE3IDegHH6IY2cck5OBb7wjqUnS5UDMIBx+iGPqvoKJFNPEJyChRPeAQU76DnKdrpXRCe/CWpTJEpiadF0eIKE44awqpCWIChuMpyIUteBTXGvWCqqXKsk+9OdPkR4v7prtBx1JoFPHYdQbNcmK43EDcpYLkcQgfiXOjwpr0p6kdVOC3LimKlLCS5CUB6QNj/AEtSZqajqAnJOgENsHCfgLNSGDScE0aTsAuOnFeiNabiTJT1yUsFyOIWpDBpOHqvoKLxagU1onUNS9EOxVSlqaFzBdBReanHBDhOXIumuMYhT0iNS+pTSBMYzQ1SkFxOEk3GRmUXYnVZxESQMy7Bexiq8JJrdJxmFmJk8cwqMKtIz1Kqlw5CmYyxcU/6FA1PdqE5p0tWKLyRxCa9rFB2NQVQT5VTwTOFNejKklVTmMEeIL0GYD32VUw+OfGmy9wWanyY6lmxVTyp/AkUZT4pI8Jsiq8JI+kZqqmHxz402XuHquWMk5s1TgiJoMR41xBSxkntCDJWOE7AyzNoDBObNNACpxGqwhNZjZmxaBKaLJlNACe2aaxOGCEOzN/mU1sk5gJTWhETQbjYwSC4lR+aDZGyWlJObNNhyszYUsFR+aDZH/wuVxN6rib1XE3quJvVcTeq4m9VxN6rib1XE3quJvVcTeq4m9VxN6rib1XE3quJvVcTeq4m9VxN6rib1XE3quJvVcTeq4m9VxN6rib1XE3quJvVcTeq4m9VxN6rib1XE3quJvVcTeq4m9VxN6rib1XE3quJvVcTeq4m9VxN6rib1XE3quJvVcTeq4m9VxN6rib1XE3quJvVcTeq4m9VxN6rib1XE3quJvVcTeq4m9VxN6rib1XE3quJvVcTeq4m9VxN6rib1XE3quJvVcTeq4m9VxN6rib1XE3quJvVcTeq4m9VxN6rib1XE3quJvVcTeq4m9VxN6rib1XE3quJvVcTeq4m9VxN6rib1XE3quJvVcTeq4m9Au/6lFyqBPkT/pz410bCnmaeNI+sS8AprxP1V8a6Kfg1usoHQ4k7gi1xkEx4PkHAIGY/ju4zIJ3GZCw8ZkPLBnLyOMI65WPHuPKhr8irVgUHGZtzY3KWkSmkA86iHSHJ6o+NdFD8HjTuBhNQ+BLDyOkPI9rE+5H3j6p30COTmR50BU7mToUudMh1Ea0WlrhxKglwPFxp8Olx1LN6jhzp8OUuLWruZe+wQy73KJCpngCumunZ0lmXU8qAnzBOgGXvQ5EyC5y1coR9pU6PKUyAXN5ZqmXMuYrmCks633KekORcZCJ0QAQidWpEisYTUQ1B2ooHAgkrmKOOi6xhDWcSi4z1FMk0D0k8hzSUykN5VEM6tRTOEVU1w5JJqGiMNY1qJKYCh4S1lOcHN4wmym6SzzdydrA4kSp4FpKqDQPqn8Jqhyw1kqIZtUPenuDmnBMGLuMrOt/yHxrop7ZtOsI8H0Son4ZshA71Ea6j4lBBwPLJRA6nHWbWQ5gYTmE+HTPAyM0dVh12No4WM06nASXL3Ia6l70SnaTOXjsYBN2KdGniJCS6a6dnFUjyFa+RPjAaOqmzmXTQ1B5LhyhDVJMcHM5CpfRcxXME7jUOJNvsuXGf7Fcy4qRZxPCGsusPIV0HLmNnOg6bZyIXGSuZdJcWtdFy5v7rmC6C5G2ObMGSbGeE7EiYXOVP0TZzJgxnrPIna8JyXMF00UX1s5/8h8a6Nh4XEVEZIhRDpt1c9vSFoOJU1OSdxcavBKqocBxJ0UuTXlpRiEqqRB1hOfUeJAyLdRWcM+VPjl3NKVlUi3UU6JpYKqUsVVKWNhOAMys8aORSkE+KSFUvcqp1GaqnMprsDxLPmXuTdQXMVzBVEc4TsoJCA0ZJkYgciBmTxqrhIOpLdSLqjylTkRxp8Uu/dVcXeppkUtB1hVcFTlNPfVTqsnwcVPg8S5u9F31XuWc0tRbqVXFKSnKaPFx+4K8u3JqhxS0FVTIBnPXjZVwuJVTqWrEWTlIzmhELfcokUulq/wAhTNUAe4WkTVI3WSQH8Qa3GZ/y3EVxf5cHUJS/8X3Ov//EAC4QAAIBAgMHAwUBAQEBAAAAAAABERAhMUFRIGFxodHw8VCBwTBAkbHhYHCAkP/aAAgBAQABPyH/AEDw/wBC8P8AQvD/AELw++f2eAlNfvmeTHlx5ceXHlx5MT/EOB/Zj1oPD71T5AEIX7YHxrPYqF8OEhdp5oXJLfbPDjxoZNKBxhCK3kLch+0sATSlU73+L4nBz0CVCYKhbq6W06XEEwZhJLoOlQiznI1VFC6SUAtT+Ez3cAKi2pq0tFjpD8U33rw+9dsK1aZp2SGVe53zktfesbuYLCXWjQhu9faiulSGDJYfQqRu9loRtOT1Wtw7p9zZSpfhbO7Sg3k2Q1WggzjKl4hab6XlrY3IUsh7Cvtf7y8PvVocPwyG6NNscr+85LsaQtCOLPb57WXBWecHRV9NFFHcSVZc7ADFnAGMY9/bYKlb0aj+hqMhCL3Jpew2kEIZodtiw7vvDw++9y796RVPRKiByyUEKUn6Kg1WmMs6kf7/ANTu2m3zuqs/SE2MwlmSwrsgXe+BE9hnjGH1k2IqZzw5Isjh1o1ZJFDi7yGRd9TurBuTGrPhAT9j94A8PvjQx94nRNin7NhaxBom6AeHsO7abb/ulBWWqHQmtrzU0qEu4LeqplsWuqVzcYLL7ve3LL/ZECDAol3DZVcWcZayhgAN/wAsMqx95tbJKybcY1gmbJJDGO9YMrqeEwJ6f3h4ejetTvWn3K+wyR6ADw++026pBSsNqXuzYhPhGMkNOVTvWm0oljaur9kivyzqQRDJpKlDNc10qRCnhwUMwJBHHNcxtXwE/lrxQZuPFFSrxg9iE/MUSybV1fs3/bxJmWAMln8yokaeJumJiG5chjuCAv1cmkkuuMgiy/vHzdfvAvD74HLv3pA7NgmJNDJqzs0+goTUu9jUl/jjUJtOCGIdOoppwO6NSktp7CDvsMVqmCFizC07jOHOEr3KUAY5nohDm4XA8J2F0VC5R6sUalpVRSJnGZ0RbZgy+x50YslKHx/BQbmJem+gf5gvD71pFmF7jNC22O73zkuw95IrEdvX1tlEBrRkRJK3i9BB54jIuoriCFB8UFSi3Uqn84KWpch4qi8qMo02IzzAjadLUq60WwWspOGtF9A/MN4fffrcZK6N2aq93v021bHRnKO376+w3Cxxx7KRp4jnEqsx4k00xVAhubs3T7cJVUjZNpm1XmAEEbdSSljsm1YMXZKiG7RJ9TB2RNRpFUKUZempoA08FP714fe/ICEKyL9hh+QnvUh42KzSTBIRQi+bo8VPGzws8LPCxIiSskqcRPX9WeH3yOr8Gm0yPfg48yPMjzI8yPMjzI8yPMjzI8yPMjzITj1V9VvD/QvD/QvD/QvD/Q4Pf/Qr/wAIKa4xRRvlEhfy+oX8vqF/L6hfy+oX8vqF/L6hfy+oX8vqF/L6hfy+oX8vqF/K6hfy+oX8vqF/L6hfy+oX8vqF/L6hfy+oihLwUSr/ADJkeutwfNGAPOw1NqTYl7JBKUz6CXvmUzzJM1JhAJm72sIFUyW/x+myIzGgTk9fRzMzMzIzMpLQaSUJR7bc8mMKmSJt7YxvVSIQCeyTmIhqy3uORot2/wDj9NkfEGQ3+qQnSnLbjcXkBli9GTHnmwgaNR8kyhLVipyInY4dLAgqUp53vRGR5zFI5OCkVeG6Rhj80LTaiODVpn3Ernk/yFNkFiYacjJsIPqBAglEgzlIhufeNGQ6tk7fIX+GzAjgKXTFTQiUgVbmgj8F1xzEwdDAV/j+6myZTom/Ex5kYsArakBj9FR1jQdi+cmD5gtMW+3UEp72qIf8MhjYB72qqOo5PiMQRIlhxEE3eEiOt7/mHTdKZkFDACzftJAAAAAAAAAAAAAAAgQIACBB1pqtpi/xf+YwbFw2mfN9Mwwwwwwwwx0WKdhhhhiW0U/HNhYls22hUYY3w7M5rngMYSHaf8JJXfouZkUMTGUO4TQzwGMJC+TGiEbWLH0xin6RhhhhhhhhiW0U/HPXj/Y9Xsdv1X1koT6wvsj9ikkvu36r1Q+kOM+2MYxjHPGVq7HqyTWPWGNQkzUL2ClJaSmh4ILLWm6fBCqWrHUkcpGYhU0A5h47wXbSXzHVyvu2xjGMY5AJgdv1Xqx/G/Dvw78O/C+ArMB37R1hRavDQNg7fhvifDh4CUnqsjuxv1HLkq4ajDXr9Y6e8HfhlRsOOxQKVs8l2G/DGXJQsBgm92mhqvazWP6HbWZnf3aNByRJppjvw78O/Vdij52dv1XrZ/G9+0e3X7v2j+r8zxLsOv2L6+S7lzs7fqvWz+N79o6uZRGGLUcPOhk2PojFJcKcpOkznix8wx1GGXbfrXJRTrpi0MVSSkLElgSJXmQwxv8AUOh9h1q7b/ltjyiucJDO5phN1DyrTa7/AEnyXcudnb9V62fxvftHVWFbiS8jVUT1CmB8ANJvYurLWGHjsrOcAcChPgDgC/OHecIq7enXBhGa67RmfY2Y+l8l3LnZ2/VerH8eRnkZ5GeRk12Hv2j21K5v+jyM8jJThtDDBd15xTvKKYk1+WXsINDDBd04whNE5hJUfEiDA+gkvkpEHHyM8jPIx+rabnZ2/Vetn8d+0foqXiSSS+S52dv1Xqh9nXnDtL5O0vk7S+TtL5O0vk7S+RbtokKuGZLAn4WaHo+AxLheAtJKQ2JxT6NSS8TCoH6brW8ljxkA6hCraZtJWMlXHdunOc7AJtEF0fJktH1txDtL5EyitAr9F3wkO0vk7S+TtL5O0vk7S+TtL5FzJeO36r1NLse+uzfj349+Pfj349+Pfj349+p9j1ZOrpG/DCHcXwEmaVZv1HLkq7H+95HfjU4n9CCHMWovFQ5uxPnxJvwyE6Edpv0l2PfXZY/Y/wBpO+r/AJHJ6nHfj349+Pfj349+Pfj349+OUgMtz152PV/ZP5eJdpv/AOEUhql1UxBA2Ablk/OsLLU2xedgGWWS3z2YUqll+9ta9i+2ySogmpmmk27LxONds3lO1Sy7EVwpZOuH0oFii2vVLLYX+5cOXjb1DvTk65sfTkhIWuyXjb1DvXlkxni3quH7eo8yqI8uxkwth+fGs8a6djwGZ2noR5lGEIjDRKP7Gqq2VbO51cihi+NYnsqPwrYudXE5KHjWLzdgBu0TZtjMc17SjzKGRXYVG/FdxR41i83YAbtIo5p41jM0xcfqKhNzMHjA/q4/37RbfY8Niv3ftH9k/lCb767rptSH+8617fq/W7P479otjv2jr2PDYr2/VU5l9R9PrC+yP1Ukl3v2i9bP4zbvZMsDZ6W6jtL5E4JSr+2pzfrPJAKNLIavb9VR0HO8xhpV21RVO0vk7S+SC6PkyXUkR1152l8naXyYv7ElQznOwCbRBdHyZMt2pJptoJWgI+Me7a7m3eyZYGz0t1HaXydpfIvAWknqh+HrtbS32Bu9siywoqajuqu36qmJJb54WaJW7vREuqy2mc46RezGaBXMPiX3KuKK+T+WqLNEndy2FRqNQ2dRRaKI792w7A5zC3YV5sKkoLIi8J2/Vf4I/wDV7fqqcy+pdLxYX2R+qvku9v1dcudnb9V6memcwFz63zNCnRYMHahBBBObqcKSNtHxFBMBf6Pb9VTmQncCf4nso9qCCaGZatEcrY3OkdUEUbC93UU0GWnA3Tm+1MtXy/ExJcKGvQedisDobmjnZ2/Verqv/maQQEadSV0YexM826zxV554ef3NLEvgGe5TmVFKO9P2dT2tlE1jqeeA0Qx4xc7kMaLTNh2y17L6ZEp+eFkHaXwO/maSMFRytuo7S+DtL4O0vg7S+Kd+0Qx6s+O9DNNC2J0L4BnuetK5c4+l9zIXh9NBJb2NsWWJdMqNS/Mo+GtqdhLsOv1n137Rev8A1n+36qvY9X9BbCpc77U10R9RAu3bE0MU63+BSGAinYddnuum1k/3nX1rJOX59hmZdlQM83lN7Q0Es5hj8c1UReJVR2K2TVqisRVBYbcIdWq2BFwedFeKEgROmHJRa5yE5tjCImdFQzXiWVeU5fnLDwnsWacP1qY5th1TUl6mev8AkEyDpWTqxKKJFVy5wMyqUwxqwQLbjUwhf93ZWKJbwjCaVYIILA7EhOyOxcpCrGmlPugZIS6ao+JFa/ab9Hr/AJBK5/HVFe66vYyn+GGMrFFB43ECpszkqOmwUrHrR/GXODt+qr2PV7Hb9VVdgzdETQ4h4MtiSyGcEibRGav5HoTIkE0ON5U7Tf2n13XV7eXe/aL1dNOLN3VyZ79Tj3brCMltKfFkUe5Obpe5v1OMcorF34d+GDwIjt+qrl2ASqfChLZI9di38l1AUAn2CF7puCL/AH9BWb8ctr9c6E66G+CRvxxA1VcJWrlBvWe/GNwhPfh34Y1csfCC69XwTcNrB2l8U79oqyujDIvzqnsqEdpfGznnnmrst1uoa4RQzUgPCIMhO7edEgqQ94xdvLp+hPCGeHJJJSmwdgfIzIbaSfiNP3p+VnhHDAQ1AdpfB2l8HtFmmAT2rD2l8DV7SVWSlO5WIalSsZ5r6KZF8BgXUvuFQg0i2AvV3ftFXnB2/VfR5F9MPyb/AHPQ7Tf2kl3XV7eXe/aKvOzt+q9USrvn9Tv2irzgfS5U14CeAiiqpqhLbmRmWn+DrqKnfESSfgIiACUVujpu5uUfASA0NU+mNLcnab+0ku66vay74CWdXBVlpjSzt+q9UPvW2/FFcq4oiVnOXj2Lv55Dv1bWplXzmoO/G9dbGHEO/aPYs9KB1rZy1wkNtPErLqTlTjgrAnGHHS/C46fddXXJnAurGZjeN+phWjhTE1Xgp78d+KEt99TNrjuQ9h57t+rMO/y226PMr9ixExxVJsGPPLYQPOphjNDWRS6FXnt02XkePcSRdtuj0Z/pW0hmK+HvR5de15poZZbbXqpbuHyq88i5auwZxXGEhLSc3EI2iFeRDu2/WuaTFAH9hDUCrP16mGKgkaBTEyfhZel4sLhPbCW0U/HPV3b9XXLnH0K9v1X1Qv5Qmkuw6/WSXyXe/aKvOzt+q9UTcsbN+PfjgRKrhYq5Ysij78O/UYkUwhEHfxU5ESu4WM349+OQFB5KTWzvKJHRkPRc50XaNKdh1rBvWe/Hj+hx5RKHmd+OM/ubYnypeA34UeQ7CBOmwnfh34Y1csffj345FPlO36r1Mt2YeBM5NVR2JFgYkdu6dru7vY9XVk+wzM78hjW48fGi7XYRce/dA4R4HcOc6NxdtNxwbRzuulL32223d3dRfBPhPc1dMyVgXvJvVx/HftFt/dj1f2XywvsjsJd10+j37Rer/WZ32227xgbBXXnhjuXDkPSpWdm088892PV7X017Bggg3NrVtuxcMSZaAtk5xnLkNU3TVUvwNC5ixo+XN03lKGhNoI1TdMEDGninTTFzX2MeeeYDOTWO/aL1f62NEOOAOAOAOAOAOAOAOAOBR2PVm6b1MTSb71fkvSYW4QM1Ml0pTfcfg0tJQ0PkWVCifQyXUuBQW7VyVa7P53N522VSPcTUSTgBd6IPSp3gCOoWyPgDfME4Ay16zHqp9yZVin7d555556bPoq3serF/3FrhKhl238nFbzyCplYGAbK9Sbr0VJlza0yrHMV8Pejz+zTQ8mqPHuJIu23R5WPWkfouZkUMTGUO4TQzwGMJCGQapyIvGU5dqXkXLV3sjphiS8sH+jxYXCe2Etop+Oetn8d+0dex6va+5l9SE31hfZH7BJSO5c7O36r1Y/jwo8KPCjwov2nPftHV4islX/1CE8SrzIdGYXsP/wDp4b0u4B4UYx3eOwfQbk2ehNKPpAlI2WtMyltMVWliNeo8KPCjwoS8ndQJzFjktKRdnwqgId7fqvWz+N79o62AY0bL46VDzW0OxQNnSTZVXwea7bNEPjSgwb3nv6YIHIEc3u1j+iHxpQd+PfjmBqqpTtWIS5uRRWrDrM+2WUyonTXt+q9bP43v2jr2PV7C8u36r7RifXddX9NLvb9V62fxvftHXserG33rMhqj1n/OIhi39WcPQ2HnntcdyHRcn4WXN6yTCaMLkg8sBnCWwnr4W0eeN58tm8Zffn2ihUdA5vlM1MMUAf2ENYCPJ1amGQNCsFja0yrVmGRj/wBDPVj+OAOAOAOANBvtg79o6qwrcTWTfcf/AHDVyW4QOr6stdSSHzCFfy71zbZh/j/oTXkjWMbKS9xNRNJMR/b/AIyJLdVowXgoe9XoPwvy2zjjjjjiTMVSa+siIHDsYdGggk5/XMpq44stWxvy6aYskpwt7SRrp0IwyGwRwSVOH7Y3DVUiMkgMopigKeHum4e98hMcTk/XR5Nzkv5WtQ44e0rcMcEtR04Umhn6+P8AY9XsL79o/qvs8S7Dr9Z+R3v2i9X+tOzR4T6eeeeeeeeeal6kTIzR9kqr+2WwzzzvMYaVUhSSozeWjPhpIUOmaYfDFM0vxGes7NHhNjPPN81GwuB4kquebd7Jl4y37x2dGbJTuzH/AOqIAaK03j/QCBt4EJo6WHDcth4PcBsRK0j+glQ7YiL6mw2iZpki222OU5THp53DE94nSRVK2luhD5Essbk9aMUyZKV2MYNbnSVoo4yvTDp8HR/ZCWS/SLOGtyUJ4EivNf4JJK4iWnngJtSUPJaMdJrvZXidNEprd0IlRuQyWcNMiWx/YPBuI5rTF0pfAgeS1YhE000WJzwkkPiSSxbsjI1siWkaBfrLRIlJTbKzvvRMaLbsiFahmlxzJFmBCi6CmxxsVyngonoQMZXLqrqUWm5cSFcGY16eWodqCSTcY/0S2v8As5z+zlXyexMyian0yyRy8Zh4dHlsjBQI1SQ9iUYk17IdOMMVpsTSFb/FA6XaMdB8dB/sTdGZb6hEt3hJnJxqXXapBNWtebSSUaWArT4Nv5ZyY5nRic5QsT9cc4nPigzBQi/qb6J1xlOZoBr42sIbXHgbagU4ueGCOe/BMrWQnjjFxhCNYen0Rpc+wXlMs4E5v+zsuIs43qf1R7vIgbg27RiYODRpFw6dBG+KIxTU/lCIoclnku7SvJSw8+OLEG7fmO0BG/YzgItxE2GS3EHIx80WL4uCXwha4wUIXU4yfAomZyY5UpSamStkZSnIi4JquroKS6sHbyx/WiEzjYXrKdGliaif7RIhpSkjH3EJenxv5CTgA4C1e5kIcS4FwnAkEYE6UkiuWDNWaiRCHwIi73FEUekWLG1bi4ErMrrKOW4t0vcY2rm7DNZgWQWFl4wmjKrmRB2FQNLHhAztJEJyw1dMVvlqL4ZmLL1Mbi1qasaHbhm5SCUFCpZRcnlUrEvQns55Vq73OSyKExdprSs0y/Ie2oBkXtAbrMy4IOkEwF6+KRvOJNkixBTUBEGuAi+2OLJ5MLzljb11vDkyM27i5GJxf35nlC71iur/AMVCd3C7/QGI7ErCYZ6RrK/z5EhOh9qXCSCU832+BvH5kg0IBWyh8uKBH/TiBiuhls3t2C+bOEnNF5ixddShu7HayyJ70/N5AxvXRyaEkvgSGEcEVHeD2l6TrU6j8H+Lr2CP04mxupnMchaFuclmj9zRM6aq8rKklWKB+SVixMlNwG4toohe2wxNgwucCsAm7qFjAZ7v7g8eF8slYoxJmRovucNrXp7BCSSZZY2UaCb/AN5ixEiwyOIy0pxkTeAw56mna7le2s5R8QTTdpZAsO9/U9jjpooNpMTNZpOaZVaIhOFjUhBMD8+BT3G9ZCshSG+uVcEhXR2qRAWXOURbGAveZGGbMVgVJNa73WZC93juosyRpF5qPTF5oFc1zRTXmxdYkYynYgvBk3c9Z2PCnKzseFOV+nuDBIgwBk9iZLAC9jhllWTJ9s0P9mFa0IXCp3rD/aQh1U0DmwDmN0VwVE4QBeL0g3QCEbbwYqGuUTW8QhdK2LLWJiWkpChMVUoKc1BjrJeyw8PYRkVmUFuVzjDDFJ3gCIGjU06FqzC7frHWFwirShdm+YnWEwCrShdkjtfUJrwkmWZSbvVKMDatUujcdkvGhSKRiOJfqxga0vqlVmo4ylyzhFL8jHrYrAewQO1JrKmipiMygebWFCg24YwQcR0O+KeBrLkMYW7FkvWC7ChuG1wJb/WVQncrGEs30MZx7agezTuWMiU4QS/d7ChgrhkNMWMP7AhdtCEhmX7szC9OzJkoaarEeQgvTsyZKGmqxHkI/wASm8GbSyLD+ovzFNLcxjAHy/8AAAjWz3I8OF9sxsHzXCxHhxj5uYH+YNdJQKSdWM7z0AWCrUJAgtSvorKBmCknG80b3lBUfEJuGrSfZgt6+YwWDqh2zTUXO7XGUwy+Bz/hULiUqrV7ZTKdB+vFcMVZkQ8YGtELdExanLbkXWV8mnqBYzkNie6ATkZwU9ac8I6NVMWESxcvZZEM79Xh3ETFYsWRDO/V4dxExWLFkQzv1OHO82YU7SIXixwWTjs9VdpgVWbjgdC7aAZkgzuCIsxrofxExWLFkQzv3rPDgxpT1ZQjOUnAVMPpjf5hg9CmGjSyrBLUO+2IbGIUlSwvuHgzNwCoGeOhkuHU4yfbIsA2V0CF8WqY8T054mWAbK6BC+LVMeJ6c8TLANldAhfFo1ge6j8y8QQmYwwufGHqESqO3u7Ey2AOszBrIdsyKWLrSUOEshekdnienPEywDZXQIXxa9XxOcr4hfMBlGJskhvZEjughmb9MqxFxAWrKhHL7pYUgfNb4mPiDBh27gIbSAJQbMRB3izt9dpyWliR8JREdwRyOn9LFB+1IR3BHI6f0sUH7UhHcEcjp+VlMxYNVgGk43thB5wkn6HLA5Gli83RzW01wICXDzbpxQftSEdwRyOn/rkRxwlHtzv+ewvPz3H+gNzGrvkqJuigjRk2JzSIjcw9Kt1nibMtJ1pssA2gD3nlGhABArjdniLykBIpObQ4na4QDEyBwTcGAHFxt1EJp0A+xZi4wKAIVIA8NH88QlyIT/obVuEtCetBYQ2gD3nlFMAIS5EJ/wDpZj0tABZ+7iGLOa1gYFKF1GYysQprlIC3twWtRpwu1b7wJQi6DQADiVUAvEz4PyDCzK4hGHiFyFsxnKKUFIlpkh7GegDCVoFB5xGUWA1kD8Lu64e4yZd3isQ8GIjA6TDCpRmJSZGMRG/1WI3GZ1Ma6ethmRNDXACOTglAQryCHNO6FYrZEj5Q1FEErQKDzgnpgITHONoxEWsoRYhYBXFakoSscta9wyDaJsJD2+RHIv0zuiKksoFmGEoLglKlQNl5iTaUeFQOnecCCQhD3M1jIJtsD4uYcdQu0xb5JgHh9gXG8bPaEcit4PKbbEYW0NCoPhMJ5mGlAWCB+TMPgO7L8RDBjBELiwF0EILdROKxm+lisF6oztOAS1bAoHMI1oam0Tugm2wJgqcW6icVjN9LFb0wQT1XWozmXAahAE0gGpYRIiwKQU8DQd3SiWBZBGguliAvQqPIvgxuEpp4SLWuy0ZwkdXTvaF8GIkhYmAsIwpRFQO3RFAwtMahApQnQeDyq5HeYdPfFTEbCEeFWjctxHeYdPfH/vsCSSSSSSSSSSSSSSSSSSSSSSSSSSSSSSSSSSSSSSSSSSSSSSSSSSSSSSSSSSSSSSSSSSSSSSSSSSSSSSSSSSSSSSSSSSSSSSSR1CueG9Dw3oeG9Dw3oeG9Dw3oeG9Dw3oeG9Dw3oeG9Dw3oeG9Dw3oeG9Dw3oeG9Dw3oeG9Dw3oeG9Dw3oeG9Dw3oeG9Dw3oeG9Dw3oeG9Dw3oeG9Dw3oeG9Dw3oeG9Dw3oeG9Dw3oeG9Dw3oeG9Dw3oeG9Dw3oeG9Dw3oeG9Dw3oeG9Dw3oeG9Dw3oeG9Dw3oeG9Dw3oeG9Dw3oeG9Dw3oeG9Dw3oeG9Dw3oeG9Dw3oeG9Dw3oeG9Dw3oeG9Dw3oeG9Dw3oeG9Dw3oeG9Dw3oeG9Dw3oeG9Dw3oeG9Dw3oeG9Dw3oeG9Dw3oeG9Dw3oeG9Dw3oeG9Dw3oeG9Dw3oa7533v/pRBQIYwqDxArJJ/nV5tT2UEML7EXpJeotcCXUPS682HvQJBjtwCBOnVOVOLFsE2cbDO2AmRH0bWutq+AF8KA8l2wx8jYj7AY2MSSjIiVswTddmwwjXYA7kBpWQMG7aNuCyCUXRBGCY8AsuDXpC82FQLqtDMHTZfZ9Bl4tewNBT9iioW8FmIe10RKW8B82IxEYMNK2gVwn0zg1YLvEl01pSN5e43S+gQnNLsQIoOZGP7/L7kgEEp52MdCCaD1GMJImwWCQsrFkaCkhd6XgUjmG282JK2sURoRdJF4dRrx2I2QIttXQm4FgstYUcJBEGKcOClcEe7bZOZ5BYiyEiJmzMhHkbJJsIqyJgRMPGyJiUXYX7htD2jBcBrVARby1zxRfuAn6s/guZ/sYCViJgl1YmKFAwV84mK1WsOMCBHsV/Id4QwxEqMXCqxkvben2K82E6k4C7E9yjd20ay8YxAVGbwUMcEwFhS3S1wZ0sDg2XSEZCmwp3vIPBnRHAXWCwrJnOB6M8GqcUL3ZSY31TtDYEZDBbBICLjKWkIyCTahfqWFjhHgrBUkCA8EzgJGELl/PhsyUDDclxFgLRxiWFkqRbvzVFVYexU2RSwrcRM0dItBEGLQUIVpzRQLlzOSozF4qFM7w3Y+URarNLEuQ0hDpwwdS7KFLdELhRvkoxyL9Mk/DWB+7AfYrzakE0PzjGxOKeaCNltmhCLEOyGxBxTlFAgpSnQW1bFBgO5O7bxHTc+iNGQwES8ZDI6Qky/lHC4nIofpYxenOVxrwjXho/ehA2Q7PsBJIjtJ6ssiHCY+8m7xJTwkOzKm7Wrvy2CQSVOVgcRQFIT+wukMXakrj4Fw9IJPUlKDZEEcclxBXIkxA0Dz9i74CZB6GAuY0nGL4xLKQrOReDfJu8SEd4TgPBQKIuoMkulxYgymnHR2leEuhC1swDOjQkQzwJdXECgZGMDW2hJUW1n2CFlAsDvSFVqAgYNQZDC+oBbX2wEqzAFpMC/wDmr0AB3+4//8QAKxAAAgECBAUFAQEBAQEAAAAAAAEREDEgIVFhQEFxgaEwUGCx8JHxwdHh/9oACAEBAAE/EPkH3fIfu+Q/d8h+7jwp4aJ4MxkYYYYUU/Xo97faI+7jXGiNPpKFl5+rETTzYv8AK0EQSfriiVViacn4hExN6EMJFNY5U9L/ABmf4zE7yJZlVSiChlAvVmU5Uesiziyod1Of+VgdquEIXgGZR9d8qpPD+h0VrfKzJeN+7jbTVSTsEg+hIoSr42CebKJ80TrSc9Dx0BUZkuiGr3Y8/wDMX4PCdb/nlDSIlO7D9Q7suHzSJaTajX5XcKOWnyEXe0iiTulH', 1, '2026-01-30 10:13:21.713', '2026-01-30 04:41:02.367');

-- --------------------------------------------------------

--
-- Table structure for table `users`
--

DROP TABLE IF EXISTS `users`;
CREATE TABLE IF NOT EXISTS `users` (
  `id` int NOT NULL AUTO_INCREMENT,
  `email` varchar(191) COLLATE utf8mb4_unicode_ci NOT NULL,
  `password_hash` varchar(191) COLLATE utf8mb4_unicode_ci NOT NULL,
  `role` enum('CUSTOMER','MERCHANT_ADMIN') COLLATE utf8mb4_unicode_ci NOT NULL DEFAULT 'CUSTOMER',
  `name` varchar(191) COLLATE utf8mb4_unicode_ci NOT NULL,
  `phone` varchar(191) COLLATE utf8mb4_unicode_ci DEFAULT NULL,
  `created_at` datetime(3) NOT NULL DEFAULT CURRENT_TIMESTAMP(3),
  PRIMARY KEY (`id`),
  UNIQUE KEY `users_email_key` (`email`)
) ENGINE=MyISAM AUTO_INCREMENT=4 DEFAULT CHARSET=utf8mb4 COLLATE=utf8mb4_unicode_ci;

--
-- Dumping data for table `users`
--

INSERT INTO `users` (`id`, `email`, `password_hash`, `role`, `name`, `phone`, `created_at`) VALUES
(1, 'customer1@test.com', '$2a$10$VuYJPvNXxQMNaeI0qVpIYuMf/oH7vog/Dr2CLfABCFEw3KIaO8UJm', 'CUSTOMER', 'Customer One', '0812345678', '2026-01-30 03:13:33.516'),
(2, 'merchant@test.com', '$2a$10$VuYJPvNXxQMNaeI0qVpIYuMf/oH7vog/Dr2CLfABCFEw3KIaO8UJm', 'MERCHANT_ADMIN', 'Merchant Admin', '0899999999', '2026-01-30 03:13:33.520'),
(3, 'beerdev.work@gmail.com', '$2a$10$VFHCYfbWd8NWNrDZIzVR2emVivsDf/vrt4J.zbuVyjjcksQovz15y', 'CUSTOMER', 'Warawut Thasungnoen', '096-067-6129', '2026-01-30 04:06:38.166');

-- --------------------------------------------------------

--
-- Table structure for table `_prisma_migrations`
--

DROP TABLE IF EXISTS `_prisma_migrations`;
CREATE TABLE IF NOT EXISTS `_prisma_migrations` (
  `id` varchar(36) COLLATE utf8mb4_unicode_ci NOT NULL,
  `checksum` varchar(64) COLLATE utf8mb4_unicode_ci NOT NULL,
  `finished_at` datetime(3) DEFAULT NULL,
  `migration_name` varchar(255) COLLATE utf8mb4_unicode_ci NOT NULL,
  `logs` text COLLATE utf8mb4_unicode_ci,
  `rolled_back_at` datetime(3) DEFAULT NULL,
  `started_at` datetime(3) NOT NULL DEFAULT CURRENT_TIMESTAMP(3),
  `applied_steps_count` int UNSIGNED NOT NULL DEFAULT '0',
  PRIMARY KEY (`id`)
) ENGINE=MyISAM DEFAULT CHARSET=utf8mb4 COLLATE=utf8mb4_unicode_ci;

--
-- Dumping data for table `_prisma_migrations`
--

INSERT INTO `_prisma_migrations` (`id`, `checksum`, `finished_at`, `migration_name`, `logs`, `rolled_back_at`, `started_at`, `applied_steps_count`) VALUES
('0b4a1c1e-336e-421b-9684-90df45e86c2e', 'daa896c3c2fa65953b1f935cd5f831fdf7f71f55e25157dcb7de8ca5b1c85e7d', '2026-01-30 03:13:20.889', '000_init', NULL, NULL, '2026-01-30 03:13:20.597', 1),
('5f397d8f-1c31-49b3-a40a-ae257594d456', 'f0bd36871df13849c339de2eb05c7328ad161c0197f30fd360a2838ff6b3c6a0', '2026-01-30 03:13:21.715', '001_features', NULL, NULL, '2026-01-30 03:13:20.889', 1),
('d5ebae39-3106-4f78-85dc-2e309240f8bb', 'ab8dfb8541db013478c4189d8c2df83e6c203978dbaa8b4f962803108bfbbdb9', '2026-01-30 03:13:23.663', '20260130021814_init', NULL, NULL, '2026-01-30 03:13:21.715', 1),
('22905c81-7b36-4476-97b6-fea13c75f990', '01a1cb95fd3b0853025cebc2e6fc714df72bfd51562be0fc53c6ed630cf4c90a', '2026-01-30 03:13:32.721', '20260130031329_init', NULL, NULL, '2026-01-30 03:13:29.900', 1);
COMMIT;

/*!40101 SET CHARACTER_SET_CLIENT=@OLD_CHARACTER_SET_CLIENT */;
/*!40101 SET CHARACTER_SET_RESULTS=@OLD_CHARACTER_SET_RESULTS */;
/*!40101 SET COLLATION_CONNECTION=@OLD_COLLATION_CONNECTION */;
